SKU,DAFTAR BARANG,KATEGORI,MERK
,AFUR WASBAK PVC HPP,,
,AFUR WASBAK STAINLESS CLASSIC,,
,AIR DUSTER HASSTON DG-10 0160-130,,
,ALAT CABUT PIPA KRAN PATAH HASSTON,,
,AMPLAS BESI RRT 0,,
,AMPLAS BESI RRT 1,,
,AMPLAS BESI RRT 1 1/2,,
,AMPLAS BESI RRT 2,,
,AMPLAS BESI RRT 2 1/2,,
,AMPLAS BESI RRT 3,,
,AMPLAS BULAT 100 JEJE,,
,AMPLAS BULAT 100 MST,,
,AMPLAS BULAT 120 JEJE,,
,AMPLAS BULAT 120 SAB,,
,AMPLAS BULAT 150 JEJE,,
,AMPLAS BULAT 150 SAB,,
,AMPLAS BULAT 180 JEJE,,
,AMPLAS BULAT 180 SAB,,
,AMPLAS BULAT 240 MAXTECH,,
,AMPLAS BULAT 240 SAB,,
,AMPLAS BULAT 60 GLADIO,,
,AMPLAS BULAT 60 SAB,,
,AMPLAS BULAT 80 SAB,,
,AMPLAS DUCO RRT 180,,
,AMPLAS DUCO RRT 220,,
,AMPLAS DUCO RRT 240,,
,AMPLAS DUCO RRT 280 FS,,
,AMPLAS DUCO RRT 360,,
,AMPLAS DUCO TAIYO 1000,,
,AMPLAS DUCO TAIYO 120,,
,AMPLAS DUCO TAIYO 1200,,
,AMPLAS DUCO TAIYO 1500,,
,AMPLAS DUCO TAIYO 2000,,
,AMPLAS DUCO TAIYO 320,,
,AMPLAS DUCO TAIYO 400,,
,AMPLAS DUCO TAIYO 500,,
,AMPLAS DUCO TAIYO 600,,
,AMPLAS DUCO TAIYO 800,,
,ANGKER M-2100B MODERN,,
,ANGKER M-2130B MODERN,,
,ANGKER M-2150 MODERN,,
,ANGKER M-2300B MODERN,,
,ANGKER M-2350B MODERN,,
,ANGKER M-2360B MODERN,,
,ANGKER M-2600 MODERN,,
,ANGKER M-2700 MODERN,,
,ANGKER M-2750 MODERN,,
,ANGKER M-2900 MODERN,,
,ANGKER MOLLAR MT 60,,
,ANGKER MOLLAR MT 90,,
,AS GROBAK ARTCO,,
,BAK GEROBAK,,
,"BALL VALVE GG BESI 1"" HPP",,
,BALL VALVE GG BESI 1/2 GLX,,
,BALL VALVE GG BESI 1/2 HPP,,
,BALL VALVE GG BESI 3/4 BLITZ,,
,BALL VALVE GG BESI 3/4 HPP,,
,"BALL VALVE KUNINGAN HIOSHI 1/2""",,
,"BALL VALVE KUNINGAN HIOSHI 3/4""",,
,"BALL VALVE PVC 1"" GRT",,
,BALL VALVE PVC 1/2 GRT,,
,BALL VALVE PVC 1/2 NEW,,
,BALL VALVE PVC 3/4 GRT,,
,BALL VALVE PVC 3/4 NEW,,
,"BALL VALVE PVC HIOSHI 1""",,
,"BALL VALVE PVC HIOSHI 1/2""",,
,"BALL VALVE PVC HIOSHI 3/4""",,
,"BALL VALVE PVC ONDA 1 1/2""",,
,"BALL VALVE PVC ONDA 1 1/4""",,
,"BALL VALVE PVC ONDA 1""",,
,"BALL VALVE PVC ONDA 1/2""",,
,"BALL VALVE PVC ONDA 2""",,
,"BALL VALVE PVC ONDA 3/4""",,
,BAN DALAM ARTCO,,
,BAN HIDUP ARTCO,,
,BAN KOMPLIT ARTCO,,
,BAN LUAR ARTCO,,
,BAN MATI ARTCO,,
,BATU ASAH DIAMOND BESAR,,
,BATU ASAH DIAMOND KECIL,,
,"BATU ASAH HIOSHI PRO 8""",,
,BATU ASAH INAX BESAR,,
,BATU ASAH INAX KECIL,,
,BATU ASAH TCT 150 HIOSHI,,
,BATU ASAH YY BESAR,,
,BATU ASAH YY KECIL,,
,"BATU GERINDA KINIK 4""",,
,"BATU GERINDA ULTRA FLEX 4""",,
,"BATU SLEP KINIK 4""",,
,"BATU SLEP TAIYO 4""",,
,BATU TCT HIOSHI,,
,BAUT DIPAN,,
,BAUT JF 3X10,,
,BAUT JF 3X12,,
,BAUT JF 3X15,,
,BAUT JF 3X35,,
,BAUT JF 3X40,,
,BAUT JF 3X50,,
,BAUT JF 3X8,,
,BAUT JF 4X10,,
,BAUT JF 4X12,,
,BAUT JF 4X15,,
,BAUT JF 4X20,,
,BAUT JF 4X25,,
,BAUT JF 4X35,,
,BAUT JF 4X40,,
,BAUT JF 4X45,,
,BAUT JF 4X50,,
,BAUT JF 5X10,,
,BAUT JF 5X15,,
,BAUT JF 5X20,,
,BAUT JF 5X25,,
,BAUT JF 5X30,,
,BAUT JF 5X40,,
,BAUT JF 5X45,,
,BAUT JF 5X50,,
,BAUT JF 6X10,,
,BAUT JF 6X15,,
,BAUT JF 6X20,,
,BAUT JF 6X25,,
,BAUT JF 6X30,,
,BAUT JF 6X35,,
,BAUT JF 6X40,,
,BAUT JF 6X45,,
,BAUT JF 6X50,,
,BAUT JF 6X60,,
,BAUT JF 8X20,,
,BAUT JF 8X30,,
,BAUT JF 8X35,,
,BAUT JF 8X50,,
,BAUT JP 3X20,,
,BAUT JP 3X25,,
,BAUT JP 3X30,,
,BAUT JP 3X35,,
,BAUT JP 3X40,,
,BAUT JP 3X45,,
,BAUT JP 3X50,,
,BAUT JP 3X6,,
,BAUT JP 3X8,,
,BAUT JP 4X10,,
,BAUT JP 4X12,,
,BAUT JP 4X15,,
,BAUT JP 4X20,,
,BAUT JP 4X25,,
,BAUT JP 4X35,,
,BAUT JP 4X40,,
,BAUT JP 4X45,,
,BAUT JP 4X50,,
,BAUT JP 4X6,,
,BAUT JP 4X60,,
,BAUT JP 4X70,,
,BAUT JP 4X8,,
,BAUT JP 5X10,,
,BAUT JP 5X12,,
,BAUT JP 5X15,,
,BAUT JP 5X20,,
,BAUT JP 5X25,,
,BAUT JP 5X30,,
,BAUT JP 5X35,,
,BAUT JP 5X40,,
,BAUT JP 5X45,,
,BAUT JP 5X55,,
,BAUT JP 5X60,,
,BAUT JP 5X70,,
,BAUT JP 5X8,,
,BAUT JP 5X80,,
,BAUT JP 5X90,,
,BAUT JP 6X10,,
,BAUT JP 6X100,,
,BAUT JP 6X12,,
,BAUT JP 6X15,,
,BAUT JP 6X20,,
,BAUT JP 6X30,,
,BAUT JP 6X35,,
,BAUT JP 6X40,,
,BAUT JP 6X45,,
,BAUT JP 6X50,,
,BAUT JP 6X65,,
,BAUT JP 6X70,,
,BAUT JP 6X8,,
,BAUT JP 6X80,,
,BAUT JP 6X90,,
,BAUT JP 8X15,,
,BAUT JP 8X20,,
,BAUT JP 8X25,,
,BAUT JP 8X30,,
,BAUT JP 8X40,,
,BAUT JP 8X50,,
,BAUT JP 8X60,,
,BAUT METRIS M10X100,,
,BAUT METRIS M10X110,,
,BAUT METRIS M10X120,,
,BAUT METRIS M10X130,,
,BAUT METRIS M10X140,,
,BAUT METRIS M10X15,,
,BAUT METRIS M10X150,,
,BAUT METRIS M10X20,,
,BAUT METRIS M10X25,,
,BAUT METRIS M10X30,,
,BAUT METRIS M10X40,,
,BAUT METRIS M10X45,,
,BAUT METRIS M10X45,,
,BAUT METRIS M10X50,,
,BAUT METRIS M10X60,,
,BAUT METRIS M10X70,,
,BAUT METRIS M10X80,,
,BAUT METRIS M10X90,,
,BAUT METRIS M12X100,,
,BAUT METRIS M12X110,,
,BAUT METRIS M12X120,,
,BAUT METRIS M12X130,,
,BAUT METRIS M12X140,,
,BAUT METRIS M12X20,,
,BAUT METRIS M12X30,,
,BAUT METRIS M12X40,,
,BAUT METRIS M12X50,,
,BAUT METRIS M12X60,,
,BAUT METRIS M12X70,,
,BAUT METRIS M12X80,,
,BAUT METRIS M12X90,,
,BAUT METRIS M6X10,,
,BAUT METRIS M6X100,,
,BAUT METRIS M6X15,,
,BAUT METRIS M6X20,,
,BAUT METRIS M6X25,,
,BAUT METRIS M6X30,,
,BAUT METRIS M6X35,,
,BAUT METRIS M6X40,,
,BAUT METRIS M6X45,,
,BAUT METRIS M6X50,,
,BAUT METRIS M6X55,,
,BAUT METRIS M6X60,,
,BAUT METRIS M6X65,,
,BAUT METRIS M6X70,,
,BAUT METRIS M6X75,,
,BAUT METRIS M6X80,,
,BAUT METRIS M6X90,,
,BAUT METRIS M8X100,,
,BAUT METRIS M8X110,,
,BAUT METRIS M8X120,,
,BAUT METRIS M8X130,,
,BAUT METRIS M8X140,,
,BAUT METRIS M8X15,,
,BAUT METRIS M8X150,,
,BAUT METRIS M8X20,,
,BAUT METRIS M8X25,,
,BAUT METRIS M8X30,,
,BAUT METRIS M8X35,,
,BAUT METRIS M8X40,,
,BAUT METRIS M8X45,,
,BAUT METRIS M8X50,,
,BAUT METRIS M8X55,,
,BAUT METRIS M8X60,,
,BAUT METRIS M8X65,,
,BAUT METRIS M8X70,,
,BAUT METRIS M8X75,,
,BAUT METRIS M8X80,,
,BAUT METRIS M8X90,,
,BAUT WP 10,,
,BAUT WP 10X30,,
,BAUT WP 12,,
,BAUT WP 12X30,,
,BAUT WP 3,,
,BAUT WP 4,,
,BAUT WP 5,,
,BAUT WP 6,,
,BAUT WP 6X18,,
,BAUT WP 6X20,,
,BAUT WP 6X23,,
,BAUT WP 8,,
,BAUT WP 8X20,,
,BAUT WP 8X23,,
,"BETEL TOPI JUMBO LANCIP 10"" HIOSHI",,
,"BETEL TOPI JUMBO PAPAK 10"" HIOSHI",,
,BLENDER COSMOS CB - 171 P,,
,BLENDER MIYAKO BL - 101 PL,,
,BODEM HIOSHI 2LB ,,
,BODI DORONG MULLER SS MLR-940 A,,
,BODI KUNCI BESAR KODAI,,
,BODI KUNCI BOSTON,,
,BODI KUNCI DORONG MALVIN,,
,BODI KUNCI GOMEO,,
,BODI KUNCI GOMEO SIGNATURE,,
,BODI KUNCI MULLER 58C450,,
,BODI KUNCI MULLER 8016 SS,,
,BODI KUNCI MULLER 8022,,
,BODI KUNCI MULLER 940 A,,
,BODI KUNCI STAR CLASSIC,,
,BODI PELOR EASTGUARD,,
,BODI PELOR HSJ,,
,BODI PELOR HSJ,,
,BODI PELOR MULLER 9018 SS,,
,BODY HARNESS SINGLE HOOK EXCELLENT,,
,BOR DUDUK MINI MODERN M-10,,
,BULU KUAS ROL KAPAL,,
,"BULU KUAS ROL KAPAL SUPRA 4""",,
,CATOK PIPA HIOSHI PRO NO 2,,
,"CATUT KAKAK TUA 9"" CAMEL",,
,"CATUT KAKAK TUA 9"" FUKUDA",,
,"CATUT KAKAK TUA 9"" GRT",,
,"CATUT KAKAK TUA 9"" HPP",,
,"CATUT KAKAK TUA 9"" HSJ",,
,"CATUT KAKAK TUA 9"" WANLY",,
,CB 100 MODERN,,
,CB 21 MODERN,,
,CB 411 MODERN,,
,CB 51 MODERN,,
,CB 64 MODERN,,
,CB 85A MAKITA,,
,CETOK BATA RINGAN 10CM HIOSHI,,
,"CETOK BULAT 6"" WANLY",,
,"CETOK BULAT 7"" BISON",,
,"CETOK BULAT 7"" HIOSHI",,
,"CETOK BULAT 7"" WANLY",,
,"CETOK BULAT 8"" WANLY",,
,"CETOK LANCIP 7"" HIOSHI",,
,"CETOK OVAL 6"" WANLY",,
,"CETOK OVAL 7"" BISON",,
,"CHECK VALVE KUNINGAN HIOSHI 1/2""",,
,"CHECK VALVE KUNINGAN HIOSHI 3/4""",,
,CONNECTOR KABEL LAS FEMALE 10-25 LAZARO,,
,CONNECTOR KABEL LAS MALE 10-25 LAZARO,,
,"CUTTING GRT 4""",,
,"CUTTING WD 4""",,
,DIAMOND HOLE SAW KACA BESTGUARD 10MM,,
,DIAMOND HOLE SAW KACA BESTGUARD 12MM,,
,DIAMOND HOLE SAW KACA BESTGUARD 28MM,,
,DIAMOND HOLE SAW KACA BESTGUARD 8MM,,
,DIAMOND HOLE SAW KACA IWA SET 5 PCS,,
,DIAMOND WHEEL BOSCH BASAH,,
,DIAMOND WHEEL BOSCH BEST,,
,DIAMOND WHEEL BOSCH KERING,,
,DIAMOND WHEEL BOSCH TURBO,,
,"DIAMOND WHEEL CUP MEIJER 4""",,
,"DIAMOND WHEEL CUP MST 3""",,
,DIAMOND WHEEL GOMEO KERING,,
,DIAMOND WHEEL GOMEO TURBO,,
,DIAMOND WHEEL MAXTECH TURBO,,
,DIAMOND WHEEL MULLER TURBO,,
,DIAMOND WHEEL SCHLIEPER KERING,,
,DIAMOND WHEEL TURBO ISCO,,
,DOOR CLOSER BLACK EASTGUARD,,
,DOOR CLOSER WHITE EASTGUARD,,
,DUDUKAN BOR MODERN,,
,DUDUKAN GERINDA MODERN,,
,DYNABOLT 10X50,,
,DYNABOLT 10X65,,
,DYNABOLT 10X77,,
,DYNABOLT 10X97,,
,DYNABOLT 12X129,,
,DYNABOLT 12X160,,
,DYNABOLT 12X60,,
,DYNABOLT 12X99,,
,DYNABOLT 16X111,,
,DYNABOLT 16X147,,
,DYNABOLT 16X65,,
,DYNABOLT 16X85,,
,DYNABOLT 20X107,,
,DYNABOLT 20X151,,
,DYNABOLT 20X188,,
,DYNABOLT 20X75,,
,DYNABOLT 8X40,,
,DYNABOLT 8X65,,
,DYNABOLT 8X85,,
,"ENGSEL AMANI 3""",,
,"ENGSEL AXL 4"" BLACK",,
,"ENGSEL GOMEO 3"" GP",,
,"ENGSEL GOMEO 3"" SN",,
,"ENGSEL GOMEO 4"" GP",,
,"ENGSEL GOMEO 4"" SN",,
,"ENGSEL GOMEO 5"" BLACK",,
,"ENGSEL GOMEO 5"" GP",,
,"ENGSEL GOMEO 5"" SN",,
,ENGSEL H MADICO 110 X 55MM,,
,"ENGSEL HITAM 3"" OBAT",,
,"ENGSEL HITAM 4"" OLIQ",,
,"ENGSEL HITAM 5"" AXL",,
,"ENGSEL HPP 3"" GP",,
,"ENGSEL HPP 3"" SN",,
,"ENGSEL HPP 4"" GP",,
,"ENGSEL HPP 4"" SN",,
,"ENGSEL IDEKU 5"" GP",,
,"ENGSEL LOSPEN RRT 2 1/2""",,
,"ENGSEL LOSPEN RRT 2""",,
,"ENGSEL LOSPEN RRT 3""",,
,"ENGSEL PER HITAM 3"" IGM",,
,"ENGSEL PER HITAM 4"" FREDER",,
,"ENGSEL PVC 4""",,
,"ENGSEL SALON 9"" ZP",,
,"ENGSEL SALON IGM 9""",,
,ENGSEL SENDOK BENGKOK HUBEN MT 16,,
,ENGSEL SENDOK LURUS HUBEN MT 0,,
,ENGSEL SENDOK MINI BENGKOK HUBEN,,
,ENGSEL SENDOK MINI LURUS HUBEN,,
,ENGSEL SENDOK SEMI HUBEN,,
,"ENGSEL STAINLESS DOLPHIN 3""",,
,"ENGSEL STAINLESS DOLPHIN 4""",,
,"ENGSEL STAINLESS DOLPHIN 5""",,
,"ENGSEL T 10"" MDN",,
,"ENGSEL T 6"" MDN",,
,"ENGSEL T 8"" MDN",,
,"ENGSEL TIPIS GOMEO 2 1/2""",,
,"ENGSEL TIPIS GOMEO 2""",,
,"ENGSEL TIPIS GOMEO 3""",,
,"ENGSEL TIPIS RRT 2 1/2""",,
,"ENGSEL TIPIS RRT 2""",,
,"ENGSEL TIPIS RRT 3""",,
,"ENGSEL WANLY 3"" SN",,
,FEELER GAUGE 13 PCS BLADES HASSTON,,
,FILTER ANGIN KOMPRESOR,,
,FILTER KRAN KINCIR,,
,FISCHER S10,,
,FISCHER S12,,
,FISCHER S5,,
,FISCHER S6,,
,FISCHER S8,,
,FLAME GUN OTOMATIS NO 920,,
,FLAP DISC TAIYO 100,,
,FLAP DISC TAIYO 120,,
,FLAP DISC TAIYO 150,,
,FLAP DISC TAIYO 180,,
,FLAP DISC TAIYO 240,,
,FLAP DISC TAIYO 60,,
,FLAP DISC TAIYO 80,,
,"FOOT KLEP KUNINGAN 3/4"" HIOSHI",,
,"FOOT KLEP PVC 1"" BEST",,
,FOOT KLEP PVC 3/4 BEST,,
,FOOT KLEP PVC JUMBO 3/4 CAB,,
,FOOT KLEP PVC JUMBO 3/4 HANJIN,,
,GEMBOK HITAM GLX 30MM,,
,GEMBOK HITAM GRT 20MM,,
,GEMBOK HITAM GRT 25MM,,
,GEMBOK HITAM GRT 30MM,,
,GEMBOK HITAM GRT 40MM,,
,GEMBOK HITAM GRT 50MM,,
,GEMBOK JODOH LEHER PANJANG 30MM HIOSHI,,
,GEMBOK JODOH LEHER PANJANG 40MM HIOSHI,,
,GEMBOK JODOH LEHER PANJANG 60MM HIOSHI,,
,GEMBOK JODOH LEHER PENDEK  60MM HIOSHI,,
,GEMBOK JODOH LEHER PENDEK 30MM HIOSHI,,
,GEMBOK JODOH LEHER PENDEK 40MM HIOSHI,,
,GEMBOK JODOH LEHER PENDEK 50MM HIOSHI,,
,GEMBOK JODOH LEHR PANJANG 50MM HIOSHI,,
,GEMBOK KUNING HPP 20MM,,
,GEMBOK KUNING HPP 25MM,,
,GEMBOK KUNING KEEP 20MM,,
,GEMBOK KUNING KEEP 30MM,,
,GEMBOK KUNING KEEP 40MM,,
,GEMBOK KUNING NISHIO 32MM,,
,GEMBOK KUNING NISHIO 38MM,,
,GEMBOK KUNING NISHIO 50MM,,
,GEMBOK LEHER PANJANG 30MM VERRIZ,,
,GEMBOK LEHER PANJANG 40MM VERRIZ,,
,GEMBOK LEHER PANJANG 50MM VERRIZ,,
,GEMBOK LEHER PANJANG 60MM VERRIZ,,
,GEMBOK LEHER PANJANG HPP 30MM,,
,GEMBOK LEHER PANJANG HPP 40MM,,
,GEMBOK LEHER PANJANG HPP 50MM,,
,GEMBOK LEHER PANJANG HPP 60MM,,
,GEMBOK LEHER PANJANG KEEP 40MM,,
,GEMBOK LEHER PANJANG KEEP 50MM,,
,GEMBOK LEHER PANJANG KEEP 60MM,,
,GEMBOK LEHER PENDEK 30MM OLIQ,,
,GEMBOK LEHER PENDEK 40MM VERRIZ,,
,GEMBOK LEHER PENDEK 50MM VERRIZ,,
,GEMBOK LEHER PENDEK 60MM VERRIZ,,
,GEMBOK LEHER PENDEK HPP 30MM,,
,GEMBOK LEHER PENDEK HPP 40MM,,
,GEMBOK LEHER PENDEK HPP 50MM,,
,GEMBOK LEHER PENDEK HPP 60MM,,
,GEMBOK LEHER PENDEK KEEP 50MM,,
,GEMBOK LEHER PENDEK KEEP 60MM,,
,GEMBOK OVAL LEHER PANJANG 30MM HIOSHI,,
,GEMBOK OVAL LEHER PANJANG 40MM HIOSHI,,
,GEMBOK OVAL LEHER PANJANG 50MM HIOSHI,,
,GEMBOK OVAL LEHER PENDEK 30MM HIOSHI,,
,GEMBOK OVAL LEHER PENDEK 40MM HIOSHI,,
,GEMBOK OVAL LEHER PENDEK 50MM HIOSHI,,
,"GERGAJI BATA RINGAN 18"" HIOSHI",,
,GERGAJI BATA RINGAN HIOSHI,,
,"GERGAJI BATA RINGAN OLIQ 18""",,
,"GERGAJI KAYU MANTAP 14"" HIOSHI",,
,"GERGAJI KAYU MANTAP 16"" HIOSHI",,
,GERGAJI KOPI GAGANG KAYU HIOSHI,,
,"GERGAJI KOPI GAGANG PIPA HIOSHI 15""",,
,GERINDA DUDUK MODERN MD-150,,
,GERINDA DUDUK MODERN MD-200,,
,GEROBAK ARTCO,,
,GEROBAK GDO,,
,GEROBAK ISCO TEBAL,,
,GEROBAK PVC ISCO,,
,"GRENDEL BABET  WANLY 4"" GP",,
,"GRENDEL BABET HSJ  3"" CP",,
,"GRENDEL BABET HSJ 3"" GP",,
,"GRENDEL BABET WANLY 2"" GP",,
,"GRENDEL BABET WANLY 2"" SN",,
,"GRENDEL DOUBLE PLAT KZK 10""",,
,"GRENDEL DOUBLE PLAT KZK 12""",,
,"GRENDEL DOUBLE PLAT KZK 2""",,
,"GRENDEL DOUBLE PLAT KZK 3""",,
,"GRENDEL DOUBLE PLAT KZK 4""",,
,"GRENDEL DOUBLE PLAT KZK 5""",,
,"GRENDEL DOUBLE PLAT KZK 6""",,
,"GRENDEL DOUBLE PLAT KZK 8""",,
,GRENDEL JEPIT KURA AC,,
,GRENDEL JEPIT KURA PUTIH,,
,GRENDEL OTOMATIS CAB,,
,"GRENDEL OVAL MAJESTY 2""",,
,"GRENDEL OVAL MAJESTY 3""",,
,GRENDEL PER AC REYNER,,
,GRENDEL PER KUNING REYNER,,
,GRENDEL PER PUTIH REYNER,,
,GRENDEL PER SILVER REYNER,,
,GRENDEL PVC,,
,"GRENDEL STAINLESS 18""",,
,"GRENDEL STAINLESS 24""",,
,"GRENDEL STAINLESS GOMEO 10""",,
,"GRENDEL STAINLESS GOMEO 12""",,
,"GRENDEL STAINLESS GOMEO 2""",,
,"GRENDEL STAINLESS GOMEO 3""",,
,"GRENDEL STAINLESS GOMEO 4""",,
,"GRENDEL STAINLESS GOMEO 6""",,
,"GRENDEL STAINLESS GOMEO 8""",,
,"GRENDEL TANAM GRT 8"" + 24""",,
,"GRENDEL UCP KURA 2""",,
,"GRENDEL UCP KURA 3""",,
,"GRENDEL UCP KURA 4""",,
,"GUNTING DAHAN HIOSHI 8""",,
,"GUNTING DAHAN HIOSHI 9""",,
,"GUNTING HOLO LURUS 10"" HIOSHI",,
,"GUNTING KERTAS 6"" HIOSHI",,
,"GUNTING KERTAS HIOSHI HD 8""",,
,GUNTING KODOK WANLY,,
,GUNTING PIPA CAMEL,,
,"GUNTING SENG HIOSHI 8""",,
,GUNTING TAMAN GAGANG KAYU HIOSHI,,
,GUNTING TAMAN PAGAR GAGANG BESI KENMASTER,,
,GUNTING TAMAN PAGAR GAGANG BESI TARIK VIPER,,
,"HAK ANGIN 4"" SN KENCANA",,
,HAK ANGIN MULLER 449 SN,,
,"HAK ANGIN PROYEK 8"" GP",,
,"HAK ANGIN PROYEK 8"" SN",,
,HAK ANGIN SEGI ENAM CHROME JUWANA,,
,HAK ANGIN SEGI ENAM GP JUWANA,,
,HAND SHOWER CLASSIC,,
,HAND SHOWER ISCO,,
,HAND SHOWER ONDA SO KUL,,
,HAND SHOWER ONDA SO TUL,,
,HEATGUN MODERN M-2050,,
,HELM LAS HASSTON 4450-011,,
,HELM PROYEK BIRU,,
,HELM PROYEK KUNING,,
,HELM PROYEK ORANGE,,
,HELM PROYEK PUTIH,,
,HOLE SAW BESI KUGEL 12MM,,
,HOLE SAW BESI KUGEL 13MM,,
,HOLE SAW BESI KUGEL 14MM,,
,HOLE SAW BESI KUGEL 15MM,,
,HOLE SAW BESI KUGEL 16MM,,
,HOLE SAW BESI KUGEL 17MM,,
,HOLE SAW BESI KUGEL 18MM,,
,HOLE SAW BESI KUGEL 19MM,,
,HOLE SAW BESI KUGEL 20MM,,
,HOLE SAW BESI KUGEL 21MM,,
,HOLE SAW BESI KUGEL 22MM,,
,HOLE SAW BESI KUGEL 23MM,,
,HOLE SAW BESI KUGEL 24MM,,
,HOLE SAW BESI KUGEL 25MM,,
,HOLE SAW BESI KUGEL 28MM,,
,HOLE SAW BESI KUGEL 30MM,,
,HOLE SAW BESI KUGEL 32MM,,
,HOLE SAW BESI KUGEL 40MM,,
,HOLE SAW BESI KUGEL 42MM,,
,HOLE SAW BESI KUGEL 45MM,,
,HOLESAW BESI LAZARO 16MM,,
,HOLESAW BESI LAZARO 18MM,,
,HOLESAW BESI LAZARO 19MM,,
,HOLESAW BESI LAZARO 20MM,,
,HOLESAW BESI LAZARO 22MM,,
,HOLESAW BESI LAZARO 25MM,,
,HOLESAW BESI LAZARO 30MM,,
,HOT PLATE STEAK BULAT SUNRISE,,
,ISI CUTTER,,
,JET SHOWER EINER CHROME,,
,JET SHOWER EINER PUTIH,,
,JET SHOWER IGM BLACK IS-044,,
,JET SHOWER IGM CHROME IS-057,,
,JET SHOWER ONDA KUL CHROME,,
,JET SHOWER ONDA KUL WHITE,,
,"KABEL LISTRIK ETERNA NYA 1,5 BIRU",,
,"KABEL LISTRIK ETERNA NYA 1,5 HITAM",,
,"KABEL LISTRIK ETERNA NYA 1,5 KUNING",,
,"KABEL LISTRIK ETERNA NYA 1,5 MERAH",,
,"KABEL LISTRIK ETERNA NYM 2X1,5",,
,"KABEL LISTRIK ETERNA NYM 2X2,5",,
,"KABEL LISTRIK ETERNA NYM 3X1,5",,
,"KABEL LISTRIK ETERNA NYM 3X2,5",,
,"KABEL LISTRIK ETERNA NYMHY 2X0,75",,
,KABEL TIES HASSTON 100 HITAM,,
,KABEL TIES HASSTON 100 PUTIH,,
,KABEL TIES HASSTON 150 HITAM,,
,KABEL TIES HASSTON 150 PUTIH,,
,KABEL TIES HASSTON 200 HITAM,,
,KABEL TIES HASSTON 200 PUTIH,,
,KABEL TIES HASSTON 250 HITAM,,
,KABEL TIES HASSTON 250 PUTIH,,
,KABEL TIES HASSTON 300 HITAM,,
,KABEL TIES HASSTON 300 PUTIH,,
,KABEL TIES HASSTON 400 HITAM,,
,KABEL TIES HASSTON 400 PUTIH,,
,KABEL TIES HASSTON 500 HITAM,,
,KABEL TIES HASSTON 500 PUTIH,,
,KABEL TIES MIX WARNA HIOSHI 100,,
,KABEL TIES MIX WARNA HIOSHI 150,,
,KABEL TIES MIX WARNA HIOSHI 200,,
,KABEL TIES MIX WARNA HIOSHI 250,,
,KABEL TIES MIX WARNA HIOSHI 300,,
,KACAMATA GERINDA BENING,,
,KACAMATA LAS BENING,,
,KACAMATA LAS HITAM,,
,KACAMATA LAS HITAM XENON,,
,KANEBO KYOKO,,
,KANEBO MUGEN,,
,KANEBO POPEYE,,
,KAPASITOR POMPA AIR BULAT ISCO 10,,
,KAPASITOR POMPA AIR BULAT ISCO 12,,
,KAPASITOR POMPA AIR BULAT ISCO 8,,
,KAPSTOK 4 HOOK CAMEL,,
,"KAWAT LAS NIKKO NSN 308 2,6 X 300",,
,"KAWAT LAS NIKKO RD 260 2,0 X 300",,
,"KAWAT LAS NIKKO RD 260 2,6 X 350",,
,"KAWAT LAS NIKKO RD 460 2,0 X 300",,
,KAWAT LAS NIKKO STEEL RD-260,,
,KEPALA JET SHOWER,,
,KEPALA JET SHOWER EINER,,
,KEPALA JET SHOWER ONDA WHITE,,
,"KIKIR CHAINSAW TEKIRO 4,8 X 200",,
,KIPAS ANGIN COSMOS DINDING 16-WFC,,
,KIPAS ANGIN COSMOS MEJA 12-DSE,,
,KIPAS ANGIN COSMOS MEJA 9-LDA,,
,KIPAS ANGIN COSMOS STAND FAN 16-SDB,,
,KIPAS ANGIN MASPION DINDING MWF-31 K,,
,KIPAS ANGIN MASPION DINDING MWF-37 K,,
,KIPAS ANGIN MASPION DINDING MWF-41 K,,
,KIPAS ANGIN MASPION KOTAK EX-2109 T,,
,KIPAS ANGIN MASPION MEJA EX-307,,
,KIPAS ANGIN MASPION MEJA F-23 D,,
,KIPAS ANGIN MASPION ORBIT MOF-401 P,,
,KIPAS ANGIN MIYAKO DINDING KAW-1662 GB,,
,KIPAS ANGIN MIYAKO MEJA KAD-1227 B PL,,
,KIPAS ANGIN MIYAKO MEJA KAD-927 PL,,
,KIPAS ANGIN MIYAKO STAND FAN KAS-1607 PL,,
,KLEM SELANG 3/4,,
,KOMPOR COR SUNRISE SR 30 AUTO,,
,KOMPOR COR SUNRISE SR 40 AUTO,,
,KOMPOR JOS KMA 202 SUNRISE,,
,KOMPOR JOS KMA 203 SUNRISE,,
,KOMPOR JOS KMA 768 SUNRISE,,
,KOMPOR MIYAKO 2 TUNGKU KG-302C,,
,KOMPOR RINNAI 1 TUNGKU RI-201S,,
,KOMPOR RINNAI 1 TUNGKU RI-511C,,
,KOMPOR RINNAI 2 TUNGKU RI-522C,,
,KOMPOR RINNAI 2 TUNGKU RI-522E,,
,KOMPOR RINNAI 2 TUNGKU RI-712A,,
,KOMPOR RINNAI 2 TUNGKU RI-712BGX,,
,KOMPOR RINNAI 2 TUNGKU RI-712T,,
,KOMPOR SUNRISE SR 12 E,,
,KOMPOR SUNRISE SR 30 SL,,
,KOMPOR SUNRISE SR 5 E,,
,KOP KACA 150 KG HASSTON,,
,"KRAN ANGIN KOMPRESOR HASSTON 1/4""",,
,"KRAN ANGIN KOMPRESOR HASSTON 5/8""",,
,KRAN ANGSA FLEXIBLE KARET ISCO,,
,KRAN ANGSA FLEXIBLE KARET SKL,,
,KRAN ANGSA FLEXIBLE STAR CLASSIC,,
,KRAN ANGSA FLEXIBLE WASTAFEL EINER,,
,KRAN ANGSA JOPEX,,
,KRAN ANGSA PVC CAB,,
,KRAN ANGSA PVC SOLIGEN,,
,KRAN BESI MODEL ONDA 1/2 HPP,,
,KRAN BESI MODEL ONDA 3/4 HPP,,
,KRAN BESI SOLIGEN KEPALA HITAM 1/2,,
,KRAN BESI SOLIGEN KEPALA HITAM 3/4,,
,KRAN CABANG IGM IK-058,,
,"KRAN CABANG ONDA K406 CTG 1/2""",,
,"KRAN CABANG ONDA K-TUL 1/2""",,
,KRAN CABANG SPOT,,
,KRAN DAPUR ONDA V 637 T,,
,KRAN DAPUR ONDA V SUS FLEXIBEL,,
,KRAN DAPUR ONDA V TUL FLEXIBEL,,
,KRAN DAPUR TANAM ONDA V SUS,,
,KRAN DAPUR TANAM ONDA V SUS FLEXIBEL,,
,KRAN DAPUR TANAM ONDA V TUL FLEXIBEL,,
,KRAN MIXER ONDA BATH-TUL,,
,"KRAN ONDA BC 1/2""",,
,"KRAN ONDA BC 3/4""",,
,"KRAN ONDA BL 1/2""",,
,"KRAN ONDA BL 3/4""",,
,KRAN PANAS DINGIN + SHOWER SKL,,
,KRAN PANAS DINGIN IGM IK-064,,
,KRAN PVC 2 WAY ISCO,,
,KRAN PVC 2 WAY JEMPOL HPP CC-30,,
,KRAN PVC 2 WAY MDN,,
,KRAN PVC 2 WAY TRANSPARAN JEMPOL GRT,,
,KRAN PVC AMICO 1/2   ,,
,KRAN PVC AMICO 3/4,,
,KRAN PVC TAMAN 1/2 ISCO,,
,KRAN PVC TAMAN 3/4 ISCO,,
,KRAN PVC TEMBOK 1/2 JOPEX,,
,KRAN PVC TEMBOK 1/2 JOPEX,,
,KRAN SHOWER A ISCO,,
,KRAN TAMAN PVC 1/2 HIOSHI,,
,KRAN TAMAN PVC 3/4 HIOSHI,,
,KRAN TEMBOK IGM IK-059,,
,KRAN TEMBOK ONDA A 801 T,,
,"KRAN TEMBOK ONDA A SUS 1/2""",,
,"KRAN TEMBOK ONDA CLS 02 1/2""",,
,KRAN WASTAFEL IGM IK-060,,
,KRAN WASTAFEL IGM IK-070,,
,"KRAN WASTAFEL ONDA Y 20 EN 1/2""",,
,KRAN WASTAFEL ONDA Y 321 C,,
,"KUAS CAT EF 5""",,
,"KUAS CAT ETERNA 1 1/2""",,
,"KUAS CAT ETERNA 1""",,
,"KUAS CAT ETERNA 2 1/2""",,
,"KUAS CAT ETERNA 2""",,
,"KUAS CAT ETERNA 3""",,
,"KUAS CAT ETERNA 4""",,
,"KUAS CAT FW 1 1/2""",,
,"KUAS CAT FW 1""",,
,"KUAS CAT FW 2 1/2""",,
,"KUAS CAT FW 2""",,
,"KUAS CAT FW 3""",,
,"KUAS CAT FW 4""",,
,"KUAS CAT GRT 1 1/2""",,
,"KUAS CAT GRT 1""",,
,"KUAS CAT GRT 2 1/2""",,
,"KUAS CAT GRT 2""",,
,"KUAS CAT GRT 3""",,
,"KUAS CAT GRT 4""",,
,"KUAS CAT TAIYO 1 1/2""",,
,"KUAS CAT TAIYO 1""",,
,"KUAS CAT TAIYO 2 1/2""",,
,"KUAS CAT TAIYO 2""",,
,"KUAS CAT TAIYO 3""",,
,"KUAS CAT TAIYO 4""",,
,"KUAS LUKIS 5""",,
,"KUAS LUKIS 8""",,
,"KUAS ROL HIOSHI 9""",,
,KUAS ROL KAPAL,,
,"KUAS ROL KAPAL HIOSHI PRO 4""",,
,"KUNCI BAGO SATIN HASSTON 10""",,
,"KUNCI BAGO SATIN HASSTON 6""",,
,"KUNCI BAGO SATIN HASSTON 8""",,
,KUNCI BULAT CHROME ARNETTA,,
,KUNCI KACA GERGAJI HUBEN HL-140,,
,KUNCI KOPLING CVT TEKIRO 39X41,,
,KUNCI L CRV SET 9 PCS HIOSHI,,
,KUNCI L SET 10 PCS HIOSHI ECO,,
,KUNCI L SET 8 PCS TEKIRO HK-LS1200,,
,KUNCI L SET 9 PCS BALLPOINT TEKIRO HK-BP1204,,
,KUNCI LACI 808 BESAR,,
,KUNCI LACI 808 KECIL,,
,KUNCI LACI 808 KECIL MERCY ,,
,KUNCI LACI CAMEL 502,,
,KUNCI LACI HUBEN HL 103,,
,KUNCI LACI HUBEN HL 138,,
,KUNCI LACI HUBEN HM 181,,
,KUNCI LACI MEKAR HUBEN HL 202,,
,KUNCI LACI MEKAR HUBEN HL 505,,
,KUNCI LACI TEKAN HUBEN HL 105,,
,KUNCI LACI TOP 101,,
,KUNCI PAS 16X17 HIOSHI,,
,KUNCI PINTU ALUMINIUM ORCHAD A1 BLACK,,
,KUNCI PINTU ALUMINIUM ORCHAD A1 WHITE,,
,KUNCI PINTU ALUMINIUM ORCHAD P2 BLACK,,
,KUNCI PINTU ALUMINIUM ORCHAD P2 WHITE,,
,KUNCI PINTU BABET KECIL CLASSIC,,
,KUNCI PINTU BESAR CAB 9006,,
,KUNCI PINTU BESAR GOMEO TP 9012-2,,
,KUNCI PINTU BESAR GRT L888,,
,KUNCI PINTU BESAR GRT L999,,
,KUNCI PINTU BESAR ISCO F1 BLACK,,
,KUNCI PINTU BESAR MULLER 521MT10,,
,KUNCI PINTU BESAR MULLER 978309,,
,KUNCI PINTU BESAR MULLER 978332,,
,KUNCI PINTU BESAR MULLER 978336,,
,KUNCI PINTU BESAR OWNER BLACK,,
,KUNCI PINTU KECIL NETZ  3012,,
,KUNCI PINTU KECIL WANLY,,
,KUNCI PINTU TANGGUNG AMANI,,
,KUNCI PINTU TANGGUNG GOMEO TP 8301-2,,
,KUNCI PINTU TANGGUNG GRT 888,,
,KUNCI PINTU TANGGUNG GRT 999,,
,KUNCI PINTU TANGGUNG HSJ BLACK,,
,KUNCI PINTU TANGGUNG MULLER 58211,,
,KUNCI PINTU TANGGUNG MULLER 68206,,
,KUNCI PINTU TANGGUNG MULLER 68208,,
,KUNCI PINTU TANGGUNG MULLER 68209,,
,KUNCI PINTU TANGGUNG ONAT 6125,,
,"KUNCI PIPA 10"" HIOSHI",,
,"KUNCI PIPA HIOSHI 10""",,
,"KUNCI PIPA HIOSHI 14""",,
,KUNCI RING 12X13 HIOSHI,,
,KUNCI RING PAS HASSTON 10MM,,
,KUNCI RING PAS HASSTON 14MM,,
,KUNCI RING PAS HASSTON 17MM,,
,KUNCI RING PAS HASSTON 22MM,,
,KUNCI RING PAS HASSTON 8MM,,
,KUNCI RING PAS SET 8 PCS HIOSHI 8-24MM,,
,KUNCI RODA PALANG 3/4 HIOSHI,,
,KUNCI SOK SET 10 PCS HASSTON,,
,KUNCI SOK SET 25 PCS HASSTON,,
,KUNCI SOK Y 10-12-14 TEKIRO,,
,KUNCI SOK Y 8-10-12 TEKIRO,,
,KUNCI T 10 MM TEKIRO,,
,KUNCI T 12 MM TEKIRO,,
,LAKER ARTCO,,
,LEM AUTO SEALER DEXTONE 30 GR,,
,LEM AUTO SEALER DEXTONE 70 GR,,
,LEM BOTOL SOLIGEN BLACK,,
,LEM BOTOL SOLIGEN CLEAR BENING,,
,LEM BOTOL SOLIGEN WHITE,,
,LEM EPOXY DEXTONE 5 MENIT,,
,LEM KOREA TETES DEXTONE,,
,LEM KOREA TETES HI-Q,,
,LEM PIPA PRALON NIPPONPLAS,,
,LEM SILICONE SEALANT DEXTONE 30 GR,,
,LEM SILICONE SEALANT DEXTONE 70 GR,,
,MAGIC COM COSMOS CRJ-1001,,
,MAGIC COM COSMOS CRJ-1803,,
,MAGIC COM COSMOS CRJ-3305,,
,MAGIC COM COSMOS CRJ-3307,,
,MAGIC COM MASPION MRJ-109,,
,MAGIC COM MASPION MRJ-1892,,
,MAGIC COM MIYAKO MCM-508,,
,MAGIC COM MIYAKO MCM-528,,
,MAGIC COM MIYAKO MCM-612,,
,MAGIC COM YONGMA SMC5061 1 LITER,,
,MAGIC COM YONGMA SMC8073 2 LITER,,
,MARKING KRAYON BIRU HIOSHI ,,
,MATA BOR AUGER BITS HASSTON 10MM,,
,MATA BOR AUGER BITS HASSTON 13MM,,
,MATA BOR AUGER BITS HASSTON 16MM,,
,MATA BOR AUGER BITS HASSTON 19MM,,
,"MATA BOR AUGER BITS HIOSHI 1/2""",,
,"MATA BOR AUGER BITS HIOSHI 3/4""",,
,"MATA BOR AUGER BITS HIOSHI 3/8""",,
,"MATA BOR AUGER BITS HIOSHI 5/16""",,
,"MATA BOR AUGER BITS HIOSHI 5/8""",,
,"MATA BOR AUGER BITS HIOSHI 7/8""",,
,MATA BOR AUGER BITS ONAT 8MM,,
,MATA BOR BETON BRANCH 10MM,,
,MATA BOR BETON BRANCH 8MM,,
,MATA BOR BETON GDO 10MM,,
,MATA BOR BETON GDO 12MM,,
,MATA BOR BETON GDO 4MM,,
,MATA BOR BETON GDO 5MM,,
,MATA BOR BETON GDO 8MM,,
,MATA BOR BETON GOMEO 10MM,,
,MATA BOR BETON GOMEO 6MM,,
,MATA BOR BETON GOMEO 8MM,,
,MATA BOR BETON HIOSHI 10MM,,
,MATA BOR BETON HIOSHI 13MM,,
,MATA BOR BETON HIOSHI 16MM,,
,MATA BOR BETON HIOSHI 8MM,,
,MATA BOR BETON HIOSHI EXTREME 4MM,,
,MATA BOR BETON PENDEK HIOSHI 10MM,,
,MATA BOR BETON PENDEK HIOSHI 4MM,,
,MATA BOR BETON PENDEK HIOSHI 5MM,,
,MATA BOR BETON PENDEK HIOSHI 6MM,,
,MATA BOR BETON PENDEK HIOSHI 8MM,,
,MATA BOR BETON SDS BOSCH 10MM X 160,,
,MATA BOR BETON SDS BOSCH 8MM X 160,,
,MATA BOR BETON SET 5 PCS HASSTON,,
,MATA BOR BETON SET IKURA,,
,MATA BOR KIPAS BLITZ SET 3 PCS,,
,MATA BOR MULTIFUNGSI IWA 10MM,,
,MATA BOR MULTIFUNGSI IWA 6MM,,
,MATA BOR MULTIFUNGSI IWA 8MM,,
,MATA BOR MULTIFUNGSI TJAP MATA 8MM,,
,MATA BOR PAGODA 3-12MM,,
,MATA BOR TOMBAK TJAP MATA 10MM,,
,MATA BOR TOMBAK TJAP MATA 6MM,,
,MATA BOR TOMBAK TJAP MATA 8MM,,
,"MATA CIRCLE BULL 7"" X 24T",,
,"MATA CIRCLE MODERN 4"" X 24T",,
,"MATA CIRCLE MOLLAR 10"" X 120T",,
,"MATA CIRCLE MOLLAR 7"" X 80T",,
,MATA GRINDA SET MOLLAR,,
,MATA JIGSAW MOLLAR NO 10,,
,MATA OBENG ANGIN CAMEL,,
,MATA PISAU PLANER 10MM MODERN ,,
,MATA PISAU PLANER 1900B ESSEN ,,
,MATA PISAU PLANER 7MM MODERN ,,
,MATA POTONG GRANIT 600 HIOSHI HD 002+,,
,MATA SOK HASSTON 10MM,,
,MATA SOK HASSTON 12MM,,
,MATA SOK HASSTON 14MM,,
,MATA SOK HASSTON 19MM,,
,MATA SOK HASSTON 24MM,,
,MATA SOK HASSTON 8MM,,
,MATA SOK ROFING PANJANG FREED,,
,MATA SOK ROFING PENDEK BLACKFOOT,,
,MEJA POTONG GRANIT HIOSHI 1B+ 60 CM,,
,MESIN AMPLAS MODERN M-2500B,,
,MESIN BOR BOSCH GBM 350,,
,MESIN BOR CORDLESS MODERN M-12V,,
,MESIN BOR CORDLESS MODERN M-13 SET,,
,MESIN BOR CORDLESS MODERN M-15,,
,MESIN BOR MODERN M-2100B,,
,MESIN BOR MODERN M-2100C,,
,MESIN BOR MODERN M-2130B,,
,MESIN BOR MODERN M-2150,,
,"MESIN CHAINSAW 22"" MODERN M-5200",,
,MESIN CIRCLE POTONG KAYU MODERN M-2600L,,
,MESIN GERINDA BOSCH GWS 060,,
,MESIN GERINDA CORDLESS MODERN MG-20 Li,,
,MESIN GERINDA MINI M-2310,,
,MESIN GERINDA MODERN M-2300B,,
,MESIN GERINDA MODERN M-2350B,,
,MESIN GERINDA MODERN M-2360B,,
,MESIN GERINDA MODERN SIM-100B,,
,MESIN JIGSAW MODERN M-2200,,
,MESIN JIGSAW MODERN M-2200,,
,MESIN JIGSAW MODERN M-2200L,,
,MESIN KOMPRESOR LAKONI BASIC 25S,,
,MESIN KOMPRESOR LAKONI BASIC 9S,,
,MESIN LAS BASIC 123IX LAKONI,,
,MESIN LAS MMA 120 BLACK FOOT,,
,MESIN PASAH MODERN M-2900,,
,MESIN PASAH MODERN M-2920,,
,MESIN POLES MODERN M-3200C,,
,MESIN PROFIL MODERN M-2700,,
,MESIN PROFIL MODERN M-2750,,
,MESIN PROFIL MODERN M-3800,,
,"MESIN SCROLL SAW 16"" MODERN M-400A",,
,METERAN AIR BESI,,
,METERAN AIR PVC,,
,METERAN TANCAP HIOSHI 100M,,
,METERAN TANCAP HIOSHI 30M,,
,METERAN TANCAP HIOSHI 50M,,
,OBENG BOLAK BALIK HIOSHI EXTREME,,
,OBENG HP CEPUK KENMASTER,,
,OBENG KETOK HIOSHI,,
,"OBENG PANJANG PLUS MINUS POPEYE 12""",,
,"OBENG TEMBUS PLUS (+) 8"" ARMADA ",,
,OVERVAL GALVANIS 300 VOXY,,
,OVERVAL GALVANIS 400 VOXY,,
,OVERVAL GALVANIS 500 VOXY,,
,"OVERVAL PLAT SOLAR 2 1/2""",,
,"OVERVAL PLAT SOLAR 2""",,
,"OVERVAL PLAT SOLAR 3""",,
,"OVERVAL PLAT SOLAR 4""",,
,"OVERVAL STAINLESS 2 1/2""",,
,"OVERVAL STAINLESS 2""",,
,"OVERVAL STAINLESS 3"" ",,
,"PAKU BETON CTJ 1 1/2""",,
,"PAKU BETON FRT 2""",,
,"PAKU BETON GRT 2 1/2""",,
,PAKU BETON HITAM GDO 100MM,,
,PAKU BETON HITAM GDO 20MM,,
,PAKU BETON HITAM GDO 25MM,,
,PAKU BETON HITAM GDO 30MM,,
,PAKU BETON HITAM GDO 40MM,,
,PAKU BETON HITAM GDO 50MM,,
,PAKU BETON HITAM GDO 60MM,,
,PAKU BETON HITAM GDO 70MM,,
,PAKU BETON HITAM GDO 80MM,,
,"PAKU BETON KUNING EIFFEL 2""",,
,"PAKU BETON PUTIH 1 1/2"" HIOSHI",,
,"PAKU BETON PUTIH 1"" HIOSHI",,
,"PAKU BETON PUTIH 2 1/2"" HIOSHI",,
,"PAKU BETON PUTIH 2"" HIOSHI",,
,"PAKU BETON PUTIH 3"" HIOSHI",,
,"PAKU BETON PUTIH 4"" HIOSHI",,
,"PAKU BETON PUTIH FRT 2""",,
,"PAKU BETON PUTIH UNO 1 1/2""",,
,"PAKU BETON PUTIH UNO 1 1/4""",,
,"PAKU BETON PUTIH UNO 1""",,
,"PAKU BETON PUTIH UNO 2 1/2""",,
,"PAKU BETON PUTIH UNO 2""",,
,"PAKU BETON PUTIH UNO 3""",,
,"PAKU BETON PUTIH UNO 4""",,
,PAKU RIVET 540,,
,PALU BODEM GAGANG FIBER 1KG HIOSHI,,
,PALU KAMBING GAGANG KAYU HIOSHI 12 OZ,,
,PALU KAMBING GAGANG KAYU HIOSHI 8 OZ,,
,PALU KARET 12 OZ,,
,PALU KARET 16 OZ,,
,PALU KARET 8 OZ,,
,PALU TUKANG GAGANG KAYU HIOSHI 300,,
,PELAMPUNG BOLA KUNINGAN 1/2 HIOSHI,,
,PELAMPUNG BOLA KUNINGAN 3/4 HIOSHI,,
,PELAMPUNG RADAR ST-70,,
,PELAMPUNG TANDON OTOMATIS 1/2 AOSTA,,
,PELAMPUNG TANDON OTOMATIS 1/2 ISCO,,
,PEMANTIK API CAISAR PG-58C,,
,PENGUKUR TEKANAN ANGIN KOMPRESOR,,
,PENSIL TUKANG MAKITA,,
,POMPA SEPEDA + METER CHROME GRT,,
,POMPA SEPEDA + METER HITAM VIPER,,
,QUICK COUPLER KOMPRESOR 2 CABANG,,
,QUICK COUPLER KOMPRESOR 3 CABANG,,
,RAK HANDUK SUSUN + KAPSTOK IGM IR-018 CHROME,,
,RAK HANDUK SUSUN + KAPSTOK IGM IR-018 GRAY,,
,RAK TROLLY ARCEL HITAM,,
,RANTAI ANJING + KALUNG GLX,,
,RANTAI ANJING 25 IDEKU,,
,RANTAI ANJING 30 GLX,,
,RANTAI ANJING 35 IDEKU,,
,RANTAI ANJING 40 GLX,,
,"RANTAI ANJING GOOD 2,5MM",,
,REFILL TUBLES BAN HASSTON,,
,REGULATOR  NON METER KENMASTER,,
,REGULATOR + METER CAISAR,,
,REGULATOR + METER KENMASTER,,
,REGULATOR + METER STARCAM,,
,REGULATOR + SELANG KOMPLIT CAISAR,,
,REGULATOR NON METER STARCAM,,
,REL LACI HUBEN 25CM,,
,REL LACI HUBEN 30CM,,
,REL LACI HUBEN 40CM,,
,REL LACI HUBEN 45CM,,
,REL LACI HUBEN 50CM,,
,REL LACI HUBEN DOUBLE TRACK 25CM,,
,REL LACI HUBEN DOUBLE TRACK 30CM,,
,REL LACI HUBEN DOUBLE TRACK 40CM,,
,REL LACI HUBEN DOUBLE TRACK 45CM,,
,REL LACI HUBEN DOUBLE TRACK 50CM,,
,REL PINTU SLIDING J3,,
,RING API KOMPOR 201,,
,RING API KOMPOR 202,,
,RING API KOMPOR 203,,
,RING API KOMPOR 768,,
,"RODA GEPENG HITAM HIDUP + REM 2"" GLX",,
,RODA GEPENG MERAH + REM CHIYO,,
,RODA GEPENG MERAH + REM GLX,,
,RODA GEPENG NYLON SAB,,
,"RODA HIDUP + REM 3"" FUKUDA",,
,"RODA HIDUP + REM 4"" ONAT",,
,"RODA HIDUP 3"" FUKUDA",,
,"RODA HIDUP 4"" ONAT",,
,"RODA MATI 3"" FUKUDA",,
,"RODA MATI 4"" FUKUDA",,
,RODA PINTU SLIDING HUBEN SD 12,,
,RODA PINTU SLIDING HUBEN SD 3141,,
,RODA PINTU SLIDING HUBEN SD 338,,
,RODA PINTU SLIDING HUBEN SD 380,,
,RODA REL PINTU SLIDING,,
,RODA TROLI BULAT HITAM GLX,,
,ROL METER RACHET HIOSHI 3M,,
,ROL METER RACHET HIOSHI 5M,,
,"ROL METER RACHET HIOSHI 7,5M",,
,ROLL METER BANGJO HIOSHI 3M,,
,ROLL METER BANGJO HIOSHI 5M,,
,"ROLL METER BANGJO HIOSHI 7,5M",,
,ROLL METER CLASSIC 5M HIOSHI,,
,ROLL METER EXTREME 3M HIOSHI,,
,ROLL METER OTOMAT HIOSHI 3M,,
,ROLL METER OTOMAT HIOSHI 5M,,
,ROMPI PROYEK HIJAU,,
,ROMPI PROYEK ORANGE,,
,SAKLAR GERINDA / PROFIL MODERN,,,,,,,
,SAKLAR M-2100B MODERN,,,,,,,
,SAKLAR M-2100C MODERN,,,,,,,
,SAKLAR M-2130 MODERN,,,,,,,
,SAKLAR PASAH MODERN,,,,,,,
,SARINGAN GOT PVC ELFA BIRU,,,,,,,
,SARINGAN GOT PVC PANJANG NEWSTAR BLUE,,,,,,,
,SARINGAN GOT PVC PANJANG NEWSTAR MAROON,,,,,,,
,SARINGAN GOT PVC PANJANG NEWSTAR PINK,,,,,,,
,SARINGAN GOT PVC PANJANG NEWSTAR WHITE,,,,,,,
,SARINGAN GOT STAINLESS ANTI KECOA MAJESTY,,,,,,,
,SARINGAN GOT STAINLESS CAB,,,,,,,
,SARINGAN GOT STAINLESS GOMEO,,,,,,,
,SARINGAN GOT STAINLESS MODEL TOTO BOLZANO,,,,,,,
,SARUNG TANGAN BINTIK HIOSHI PRO,,,,,,,
,SARUNG TANGAN KAIN HIOSHI PRO,,,,,,,
,SARUNG TANGAN LAS BIASA,,,,,,,
,"SARUNG TANGAN LAS HASSTON 14""",,,,,,,
,SEAL POMPA AIR ISCO MODEL DB - 125,,,,,,,
,SEAL POMPA AIR ISCO MODEL GP - 125,,,,,,,
,SEAL POMPA AIR ISCO MODEL GP - 200,,,,,,,
,SEAL TAPE HIOSHI 12MM X 10M,,,,,,,
,SEAL TAPE JUMBO REYNER,,,,,,,
,SEAL TAPE KECIL REYNER,,,,,,,
,"SEAL TAPE ONDA ST 01 1/2""",,,,,,,
,SEAL TAPE TANGGUNG FURANO,,,,,,,
,SEAL TAPE TANGGUNG OMCO,,,,,,,
,SELANG ANYAM FLEKSIBEL 30,,,,,,,
,SELANG ANYAM FLEKSIBEL 40,,,,,,,
,SELANG ANYAM FLEKSIBEL 50,,,,,,,
,SELANG ANYAM FLEKSIBEL 60,,,,,,,
,SELANG KOMPRESOR 100M LAZARO,,,,,,,
,SELANG KOMPRESOR 10M HASSTON,,,,,,,
,SELANG KOMPRESOR 10M LAZARO,,,,,,,
,SELANG KOMPRESOR 10M XENON,,,,,,,
,SELANG KOMPRESOR SPIRAL 12M,,,,,,,
,SELANG KOMPRESOR SPIRAL 6M,,,,,,,
,SELANG KOMPRESOR SPIRAL 9M,,,,,,,
,SELANG MESIN CUCI,,,,,,,
,SELANG REGULATOR WINGAS,,,,,,,
,SELANG SHOWER CAMEL,,,,,,,
,SELANG WASBAK,,,,,,,
,SEMPROTAN AIR PVC HIOSHI,,,,,,,
,SEMPROTAN LURUS KUNINGAN HPP,,,,,,,
,SEMPROTAN OLI 250 CC GNT,,,,,,,
,SEPATU BOOT ANDO HIJAU 39,,,,,,,
,SEPATU BOOT ANDO HIJAU 40,,,,,,,
,SEPATU BOOT ANDO HIJAU 41,,,,,,,
,SEPATU BOOT ANDO HIJAU 42,,,,,,,
,SEPATU BOOT ANDO HIJAU 43,,,,,,,
,SEPATU BOOT ANDO KUNING 39,,,,,,,
,SEPATU BOOT ANDO KUNING 40,,,,,,,
,SEPATU BOOT ANDO KUNING 41,,,,,,,
,SEPATU BOOT ANDO KUNING 42,,,,,,,
,SEPATU BOOT ANDO KUNING 43,,,,,,,
,SEPATU PROYEK HITAM 40,,,,,,,
,SEPATU PROYEK HITAM 41,,,,,,,
,SEPATU PROYEK HITAM 42,,,,,,,
,SEPATU PROYEK HITAM 43,,,,,,,
,SETRIKA MASPION EX-1010,,,,,,,
,SETRIKA MASPION HA-110,,,,,,,
,SETRIKA MASPION HA-340,,,,,,,
,SHOWER TIANG IGM IK-046,,,,,,,
,SIFON WASTAFEL PVC CAB,,,,,,,
,SIKAT BAJA,,,,,,,
,SIKAT BAJA 6 BARIS,,,,,,,
,SIKAT KAWAT KUNING EAGLE,,,,,,,
,"SIKU MAGNET LAS 3"" XENON",,,,,,,
,"SIKU MAGNET LAS 4"" MEIJER",,,,,,,
,"SIKU MAGNET LAS 4"" XENON",,,,,,,
,"SIKU MAGNET LAS 5"" XENON",,,,,,,
,SIKU MAGNET LAS SET 4 PCS HASSTON,,,,,,,
,SIKU MAGNET LAS SET 4 PCS XENON,,,,,,,
,SIKU RAK 10 X 12,,,,,,,
,SIKU RAK 12 X 14,,,,,,,
,SIKU RAK 120 X 170 IGM,,,,,,,
,SIKU RAK 155 X 220 IGM,,,,,,,
,SIKU RAK 220 X 320 IGM,,,,,,,
,SIKU RAK 3 X 4,,,,,,,
,SIKU RAK 4 X 5,,,,,,,
,SIKU RAK 5 X 6,,,,,,,
,SIKU RAK 6 X 8,,,,,,,
,SIKU RAK 8 X 10,,,,,,,
,SIKU RAK PUTIH 10X12,,,,,,,
,SIKU RAK PUTIH 12X14,,,,,,,
,SIKU RAK PUTIH 3X4,,,,,,,
,SIKU RAK PUTIH 4X5,,,,,,,
,SIKU RAK PUTIH 5X6,,,,,,,
,SIKU RAK PUTIH 6X8,,,,,,,
,SIKU RAK PUTIH 8X10,,,,,,,
,"SIKU TUKANG 12"" STALION",,,,,,,
,SIKU TUKANG 300 MJP,,,,,,,
,SILINDER KUNCI AMANI,,,,,,,
,SILINDER KUNCI BESAR OLIQ,,,,,,,
,SILINDER KUNCI MULLER 65060,,,,,,,
,SILINDER KUNCI MULLER 75160 SN,,,,,,,
,SILINDER KUNCI MULLER 85060 SN,,,,,,,
,SILINDER KUNCI STAR CLASSIC SN,,,,,,,
,"SKRAP GAGANG KARET 2 1/2""",,,,,,,
,"SKRAP GAGANG KARET 2""",,,,,,,
,"SKRAP GAGANG KARET 3""",,,,,,,
,"SKRAP GAGANG KARET 4""",,,,,,,
,"SKRAP GAGANG KAYU 2 1/2""",,,,,,,
,"SKRAP GAGANG KAYU 2""",,,,,,,
,"SKRAP GAGANG KAYU 3""",,,,,,,
,"SKRAP GAGANG KAYU 4""",,,,,,,
,"SKRAP GYPSUM 8"" WANLY",,,,,,,
,"SKRAP PVC 5""",,,,,,,
,"SKRAP PVC 7""",,,,,,,
,"SKRAP PVC 9""",,,,,,,
,SKRAP SET 4 PCS,,,,,,,
,SKRAP SET STAINLESS,,,,,,,
,SKRUP 1 1/2 X 8 RRT,,,,,,,
,SKRUP 1 1/2 X 8 SIP,,,,,,,
,SKRUP 1 1/4 X 7 SIP,,,,,,,
,SKRUP 1 X 6 SBS,,,,,,,
,SKRUP 1 X 6 SIP,,,,,,,
,SKRUP 1 X 7 SIP,,,,,,,
,SKRUP 1/2 X 3 SIP,,,,,,,
,SKRUP 1/2 X 4 ISP,,,,,,,
,SKRUP 2 1/2 X 10 SIP,,,,,,,
,SKRUP 2 X 9 CEDAR,,,,,,,
,SKRUP 2 X 9 SIP,,,,,,,
,SKRUP 3 X 12 SIP,,,,,,,
,SKRUP 3/4 X 6 SIP,,,,,,,
,SKRUP 5/8 X 5 CML,,,,,,,
,SKRUP 5/8 X 5 SIP,,,,,,,
,SKRUP FAB 10 X 1,,,,,,,
,SKRUP FAB 10 X 1 1/2,,,,,,,
,SKRUP FAB 10 X 1 1/4,,,,,,,
,SKRUP FAB 10 X 1/2,,,,,,,
,SKRUP FAB 10 X 2,,,,,,,
,SKRUP FAB 10 X 2 1/2,,,,,,,
,SKRUP FAB 10 X 3,,,,,,,
,SKRUP FAB 10 X 3/4,,,,,,,
,SKRUP FAB 10 X 5/8,,,,,,,
,SKRUP FAB 12 X 1,,,,,,,
,SKRUP FAB 12 X 1 1/2,,,,,,,
,SKRUP FAB 12 X 1 1/4,,,,,,,
,SKRUP FAB 12 X 1/2,,,,,,,
,SKRUP FAB 12 X 2,,,,,,,
,SKRUP FAB 12 X 2 1/2,,,,,,,
,SKRUP FAB 12 X 3,,,,,,,
,SKRUP FAB 12 X 3/4,,,,,,,
,SKRUP FAB 12 X 4,,,,,,,
,SKRUP FAB 12 X 5/8,,,,,,,
,SKRUP FAB 8 X 2 1/2,,,,,,,
,SKRUP FAB 8 X 3,,,,,,,
,SKRUP PAB 10 X 1,,,,,,,
,SKRUP PAB 10 X 1 1/2,,,,,,,
,SKRUP PAB 10 X 1/2,,,,,,,
,SKRUP PAB 10 X 2,,,,,,,
,SKRUP PAB 10 X 3,,,,,,,
,SKRUP PAB 10 X 3/4,,,,,,,
,SKRUP PAB 10 X 5/8,,,,,,,
,SKRUP PAB 12 X 1,,,,,,,
,SKRUP PAB 12 X 1 1/2,,,,,,,
,SKRUP PAB 12 X 1 1/4,,,,,,,
,SKRUP PAB 12 X 1/2,,,,,,,
,SKRUP PAB 12 X 3/4,,,,,,,
,SKRUP PAB 12 X 5/8,,,,,,,
,SKRUP PAB 14 X 1,,,,,,,
,SKRUP PAB 14 X 1 1/2,,,,,,,
,SKRUP PAB 14 X 1/2,,,,,,,
,SKRUP PAB 14 X 2 1/2,,,,,,,
,SKRUP PAB 6 X 1,,,,,,,
,SKRUP PAB 6 X 1 1/2,,,,,,,
,SKRUP PAB 6 X 1 1/4,,,,,,,
,SKRUP PAB 6 X 1/2,,,,,,,
,SKRUP PAB 6 X 2,,,,,,,
,SKRUP PAB 6 X 3/4,,,,,,,
,SKRUP PAB 6 X 3/8,,,,,,,
,SKRUP PAB 6 X 5/8,,,,,,,
,SKRUP PAB 8 X 1,,,,,,,
,SKRUP PAB 8 X 1 1/2,,,,,,,
,SKRUP PAB 8 X 1 1/4,,,,,,,
,SKRUP PAB 8 X 1/2,,,,,,,
,SKRUP PAB 8 X 2,,,,,,,
,SKRUP PAB 8 X 2 1/2,,,,,,,
,SKRUP PAB 8 X 3,,,,,,,
,SKRUP PAB 8 X 3/4,,,,,,,
,SKRUP PAB 8 X 3/8,,,,,,,
,SKRUP PAB 8 X 5/8,,,,,,,
,SOLDER 40 WATT HASSTON,,,,,,,
,SPRAY GUN F75 TABUNG ATAS ISCO,,,,,,,
,SPRING KNIP CAB,,,,,,,
,SPRING KNIP MULLER 2122 SS,,,,,,,
,SPRINGKEL TAMAN ANATA,,,,,,,
,STANG GERGAJI BIASA HIOSHI HGG001B,,,,,,,
,STANG GRAJI TRIPLEK,,,,,,,
,STANG LAS 200A KODENKI,,,,,,,
,STANG LAS 300A DOZIRO,,,,,,,
,STANG LAS 500A DOZIRO,,,,,,,
,STANG LAS 600A,,,,,,,
,STANG LAS 600A XENON,,,,,,,
,STAPLES TEMBAK CAMEL,,,,,,,
,STOP KRAN ONDA JF08 ST,,,,,,,
,"TALI TAMBANG 1,5MM KUNING",,,,,,,
,TALI TAMBANG 1MM KUNING,,,,,,,
,TALI TAMBANG 3MM BIRU 10M,,,,,,,
,TALI TAMBANG 3MM BIRU 200M,,,,,,,
,TALI TAMBANG 3MM BIRU 5M,,,,,,,
,TALI TAMBANG 6MM HIJAU 10M,,,,,,,
,TALI TAMBANG 6MM HIJAU 200M,,,,,,,
,TALI TAMBANG 6MM HIJAU 20M,,,,,,,
,TALI TRUK 10M,,,,,,,
,TALI TRUK 5M TORA,,,,,,,
,TAMBAL TALANG LAFUMA BESAR,,,,,,,
,TAMBAL TALANG LAFUMA KECIL,,,,,,,
,TAMBAL TALANG MODERN 3M,,,,,,,
,TAMBAL TALANG SOLIGEN 3M,,,,,,,
,"TANG BUAYA BULAT 10"" HIOSHI",,,,,,,
,"TANG BUAYA LANCIP 10"" HIOSHI",,,,,,,
,"TANG CRIMPING SKUN 9"" TEKIRO",,,,,,,
,"TANG KAKAKTUA 9"" HIOSHI",,,,,,,
,"TANG KOMBINASI 6"" RRT",,,,,,,
,"TANG KOMBINASI 7"" TEKIRO",,,,,,,
,"TANG KOMBINASI 8"" GRT",,,,,,,
,"TANG KOMBINASI 8"" KODAI",,,,,,,
,"TANG KOMBINASI 8"" RRT",,,,,,,
,"TANG KOMBINASI 8"" TEKIRO",,,,,,,
,"TANG KOMBINASI 8"" YUSTAR",,,,,,,
,"TANG KOMBINASI PLN HASSTON 7""",,,,,,,
,"TANG KOMBINASI PLN HASSTON 8""",,,,,,,
,"TANG LANCIP 6"" FURANO",,,,,,,
,"TANG LANCIP 6"" MDN",,,,,,,
,"TANG LANCIP 6"" TEKIRO",,,,,,,
,"TANG POTONG 6"" ABUS",,,,,,,
,"TANG POTONG 6"" TEKIRO",,,,,,,
,"TANG RIVET KEPALA SWING 11,5"" HIOSHI ",,,,,,,
,"TANG SPI BENGKOK BUKA 6"" KENMASTER",,,,,,,
,"TANG SPI BENGKOK TUTUP 6"" KENMASTER",,,,,,,
,"TANG SPI LURUS BUKA 6"" KENMASTER",,,,,,,
,"TANG SPI LURUS TUTUP 6"" KENMASTER",,,,,,,
,TANGGA ALUMINIUM FRT 200,,,,,,,
,TANGGA ALUMINIUM FRT 250,,,,,,,
,TANGGA ALUMINIUM FRT 300,,,,,,,
,TARIKAN ALPHARD 159 CHROME,,,,,,,
,TARIKAN HANDLE 16 CM SN,,,,,,,
,TARIKAN KOM PVC,,,,,,,
,"TARIKAN KZK 5"" SN",,,,,,,
,"TARIKAN KZK 6"" SN",,,,,,,
,TARIKAN LACI HUBEN TPA 12 - 128MM,,,,,,,
,TARIKAN LACI HUBEN TPA 39 - 128MM,,,,,,,
,TARIKAN LACI HUBEN TPA 39 - 96MM,,,,,,,
,TARIKAN LACI HUBEN TPS 10 128-96MM,,,,,,,
,TARIKAN LACI HUBEN TPS 10 156-96MM,,,,,,,
,TARIKAN ONAT 008 SN,,,,,,,
,TARIKAN PINTU AMANI 178,,,,,,,
,TARIKAN PINTU ISCO GEPENG,,,,,,,
,TARIKAN PINTU ISCO OVAL,,,,,,,
,TARIKAN PINTU MULLER SILVER 153-370,,,,,,,
,TARIKAN PINTU MULLER SILVER 166-350,,,,,,,
,TARIKAN PINTU MULLER SILVER 168-420,,,,,,,
,TARIKAN PINTU MULLER SILVER 178-450,,,,,,,
,TARIKAN PINTU MULLER SILVER WS701-350 SS,,,,,,,
,TARIKAN PINTU MULLER SILVER WS701-450 SS,,,,,,,
,TARIKAN PINTU TOP PH801,,,,,,,
,"TARIKAN TIPTOP 3"" SN",,,,,,,
,"TARIKAN TIPTOP 4"" SN",,,,,,,
,TARIKAN TOP 086 AC,,,,,,,
,TARIKAN TOP 086 GP,,,,,,,
,TARIKAN TOP 086 SC,,,,,,,
,TARIKAN TOP 087 AC,,,,,,,
,TARIKAN TOP 087 GP,,,,,,,
,TARIKAN TOP 087 SC,,,,,,,
,TARIKAN TOP 088 AC,,,,,,,
,TARIKAN TOP 088 GP,,,,,,,
,TARIKAN TOP 088 SC,,,,,,,
,TARIKAN TOP 091 AC,,,,,,,
,TARIKAN TOP 091 GP,,,,,,,
,TARIKAN TOP 091 SC,,,,,,,
,TARIKAN TOP 093 AC,,,,,,,
,TARIKAN TOP 093 GP,,,,,,,
,TARIKAN TOP 093 SC,,,,,,,
,TARIKAN TOP 095 AC,,,,,,,
,TARIKAN TOP 095 GP ,,,,,,,
,TARIKAN TOP 095 SC,,,,,,,
,TARIKAN TOP 097 AC,,,,,,,
,TARIKAN TOP 097 GP,,,,,,,
,TARIKAN TOP 097 SC,,,,,,,
,TARIKAN TOP 098 AC,,,,,,,
,TARIKAN TOP 098 GP,,,,,,,
,TARIKAN TOP 098 SC,,,,,,,
,TARIKAN TOP 186 AC,,,,,,,
,TARIKAN TOP 186 GP,,,,,,,
,TARIKAN TOP 186 SC,,,,,,,
,"TATAH KAYU 1 1/2""",,,,,,,
,"TATAH KAYU 1 1/4""",,,,,,,
,"TATAH KAYU 1""",,,,,,,
,"TATAH KAYU 1/2""",,,,,,,
,"TATAH KAYU 1/4""",,,,,,,
,"TATAH KAYU 3/4""",,,,,,,
,"TATAH KAYU 3/8""",,,,,,,
,"TATAH KAYU 5/16""",,,,,,,
,"TATAH KAYU 5/8""",,,,,,,
,"TATAKAN AMPLAS HALUS 4""",,,,,,,
,"TATAKAN AMPLAS KASAR 4""",,,,,,,
,"TATAKAN AMPLAS KASAR 5"" NRT PRO",,,,,,,
,TEMBAKAN LEM TEBAL,,,,,,,
,TEMBAKAN LEM TULANG,,,,,,,
,TIMBANGAN BULAT 10 KG HIOSHI,,,,,,,
,TIMBANGAN BULAT 15 KG HIOSHI,,,,,,,
,TIMBANGAN BULAT 20 KG HIOSHI,,,,,,,
,TIMBANGAN DIGITAL MODERN,,,,,,,
,TIMBANGAN DIGITAL MODERN M-150,,,,,,,
,TIMBANGAN DIGITAL MODERN M-200,,,,,,,
,TIMBANGAN GANTUNG HIOSHI 100 KG,,,,,,,
,TIMBANGAN GANTUNG HIOSHI 150 KG,,,,,,,
,TIMBANGAN GANTUNG HIOSHI 50 KG,,,,,,,
,TIP ON BULAT HUBEN TO-1 PUTIH,,,,,,,
,TIRE INFLATOR TG3 HASSTON,,,,,,,
,TOOL BOX KENMASTER,,,,,,,
,TOOLBOX KENMASTER B380,,,,,,,
,TOPENG LAS HASSTON 4450-014,,,,,,,
,"TREKER 3 KAKI HIOSHI 3""",,,,,,,
,"TREKER 3 KAKI HIOSHI 4""",,,,,,,
,"TREKER 3 KAKI HIOSHI 6""",,,,,,,
,TROWEL KAYU LANCIP 1-4 HIOSHI,,,,,,,
,WASBAK KEEGAN KG 5045 BLACK,,,,,,,
,WASBAK KEEGAN KG 5045 SILVER,,,,,,,
,WASBAK KEEGAN KG 6045 BLACK,,,,,,,
,WASBAK KEEGAN KG 6045 SILVER,,,,,,,
,WASBAK ROYAL SB 35,,,,,,,
,WASBAK ROYAL SB 42 S,,,,,,,
,WASBAK RRT 50 CM,,,,,,,
,WASBAK RRT 75 CM,,,,,,,
,WASBAK RRT 90 CM,,,,,,,
,"WATERPASS ALUMINIUM 18""",,,,,,,
,"WATERPASS ALUMINIUM 24""",,,,,,,
,"WATERPASS MAGNET 18""",,,,,,,
,"WATERPASS MAGNET 24""",,,,,,,
,"WATERPASS MAGNET HIOSHI 18""",,,,,,,
,"WATERPASS MAGNET HIOSHI 24""",,,,,,,
,"WATERPASS MAGNET HIOSHI 32""",,,,,,,
,"WOOL WHEEL MOLLAR 4""",,,,,,,
,,,,,,,,
,,,,,,,,
,,,,,,,,
,,,,,,,,
,,,,,,,,
,,,,,,,,
,,,,,,,,
,,,,,,,,
,,,,,,,,
,,,,,,,,
,,,,,,,,
,,,,,,,,
,,,,,,,,
,,,,,,,,
,,,,,,,,
,,,,,,,,
,,,,,,,,
,,,,,,,,
,,,,,,,,
,,,,,,,,
,,,,,,,,
,,,,,,,,
,,,,,,,,
,,,,,,,,
,,,,,,,,
,,,,,,,,
,,,,,,,,
,,,,,,,,
,,,,,,,,
,,,,,,,,
,,,,,,,,
,,,,,,,,
,,,,,,,,
,,,,,,,,
,,,,,,,,
,,,,,,,,
,,,,,,,,
,,,,,,,,
,,,,,,,,
,,,,,,,,
,,,,,,,,
,,,,,,,,
,,,,,,,,
,,,,,,,,
,,,,,,,,
,,,,,,,,
,,,,,,,,
,,,,,,,,
,,,,,,,,
,,,,,,,,
,,,,,,,,
,,,,,,,,
,,,,,,,,
,,,,,,,,
,,,,,,,,
,,,,,,,,
,,,,,,,,
,,,,,,,,
,,,,,,,,
,,,,,,,,
,,,,,,,,
,,,,,,,,
,,,,,,,,
,,,,,,,,
,,,,,,,,
,,,,,,,,
,,,,,,,,
,,,,,,,,
,,,,,,,,
,,,,,,,,
,,,,,,,,
,,,,,,,,
,,,,,,,,
,,,,,,,,
,,,,,,,,
,,,,,,,,
,,,,,,,,
,,,,,,,,
,,,,,,,,
,,,,,,,,
,,,,,,,,
,,,,,,,,
,,,,,,,,
,,,,,,,,
,,,,,,,,
,,,,,,,,
,,,,,,,,
,,,,,,,,
,,,,,,,,
,,,,,,,,
,,,,,,,,
,,,,,,,,
,,,,,,,,
,,,,,,,,
,,,,,,,,
,,,,,,,,
,,,,,,,,
,,,,,,,,
,,,,,,,,
,,,,,,,,
,,,,,,,,
,,,,,,,,
,,,,,,,,
,,,,,,,,
,,,,,,,,
,,,,,,,,
,,,,,,,,
,,,,,,,,
,,,,,,,,
,,,,,,,,
,,,,,,,,
,,,,,,,,
,,,,,,,,
,,,,,,,,
,,,,,,,,
,,,,,,,,
,,,,,,,,
,,,,,,,,
,,,,,,,,
,,,,,,,,
,,,,,,,,
,,,,,,,,
,,,,,,,,
,,,,,,,,
,,,,,,,,
,,,,,,,,
,,,,,,,,
,,,,,,,,
,,,,,,,,
,,,,,,,,
,,,,,,,,
,,,,,,,,
,,,,,,,,
,,,,,,,,
,,,,,,,,
,,,,,,,,
,,,,,,,,
,,,,,,,,
,,,,,,,,
,,,,,,,,
,,,,,,,,
,,,,,,,,
,,,,,,,,
,,,,,,,,
,,,,,,,,
,,,,,,,,
,,,,,,,,
,,,,,,,,
,,,,,,,,
,,,,,,,,
,,,,,,,,
,,,,,,,,
,,,,,,,,
,,,,,,,,
,,,,,,,,
,,,,,,,,
,,,,,,,,
,,,,,,,,
,,,,,,,,
,,,,,,,,
,,,,,,,,
,,,,,,,,
,,,,,,,,
,,,,,,,,
,,,,,,,,
,,,,,,,,
,,,,,,,,
,,,,,,,,
,,,,,,,,
,,,,,,,,
,,,,,,,,
,,,,,,,,
,,,,,,,,
,,,,,,,,
,,,,,,,,
,,,,,,,,
,,,,,,,,
,,,,,,,,
,,,,,,,,
,,,,,,,,
,,,,,,,,
,,,,,,,,
,,,,,,,,
,,,,,,,,
,,,,,,,,
,,,,,,,,
,,,,,,,,
,,,,,,,,
,,,,,,,,
,,,,,,,,
,,,,,,,,
,,,,,,,,
,,,,,,,,
,,,,,,,,
,,,,,,,,
,,,,,,,,
,,,,,,,,
,,,,,,,,
,,,,,,,,
,,,,,,,,
,,,,,,,,
,,,,,,,,
,,,,,,,,
,,,,,,,,
,,,,,,,,
,,,,,,,,
,,,,,,,,
,,,,,,,,
,,,,,,,,
,,,,,,,,
,,,,,,,,
,,,,,,,,
,,,,,,,,
,,,,,,,,
,,,,,,,,
,,,,,,,,
,,,,,,,,
,,,,,,,,
,,,,,,,,
,,,,,,,,
,,,,,,,,
,,,,,,,,
,,,,,,,,
,,,,,,,,
,,,,,,,,
,,,,,,,,
,,,,,,,,
,,,,,,,,
,,,,,,,,
,,,,,,,,
,,,,,,,,
,,,,,,,,
,,,,,,,,
,,,,,,,,
,,,,,,,,
,,,,,,,,
,,,,,,,,
,,,,,,,,
,,,,,,,,
,,,,,,,,
,,,,,,,,
,,,,,,,,
,,,,,,,,
,,,,,,,,
,,,,,,,,
,,,,,,,,
,,,,,,,,
,,,,,,,,
,,,,,,,,
,,,,,,,,
,,,,,,,,
,,,,,,,,
,,,,,,,,
,,,,,,,,
,,,,,,,,
,,,,,,,,
,,,,,,,,
,,,,,,,,
,,,,,,,,
,,,,,,,,
,,,,,,,,
,,,,,,,,
,,,,,,,,
,,,,,,,,
,,,,,,,,
,,,,,,,,
,,,,,,,,
,,,,,,,,
,,,,,,,,
,,,,,,,,
,,,,,,,,
,,,,,,,,
,,,,,,,,
,,,,,,,,
,,,,,,,,
,,,,,,,,
,,,,,,,,
,,,,,,,,
,,,,,,,,
,,,,,,,,
,,,,,,,,
,,,,,,,,
,,,,,,,,
,,,,,,,,
,,,,,,,,
,,,,,,,,
,,,,,,,,
,,,,,,,,
,,,,,,,,
,,,,,,,,
,,,,,,,,
,,,,,,,,
,,,,,,,,
,,,,,,,,
,,,,,,,,
,,,,,,,,
,,,,,,,,
,,,,,,,,
,,,,,,,,
,,,,,,,,
,,,,,,,,
,,,,,,,,
,,,,,,,,
,,,,,,,,
,,,,,,,,
,,,,,,,,
,,,,,,,,
,,,,,,,,
,,,,,,,,
,,,,,,,,
,,,,,,,,
,,,,,,,,
,,,,,,,,
,,,,,,,,
,,,,,,,,
,,,,,,,,
,,,,,,,,
,,,,,,,,
,,,,,,,,
,,,,,,,,
,,,,,,,,
,,,,,,,,
,,,,,,,,
,,,,,,,,
,,,,,,,,
,,,,,,,,
,,,,,,,,
,,,,,,,,
,,,,,,,,
,,,,,,,,
,,,,,,,,
,,,,,,,,
,,,,,,,,
,,,,,,,,
,,,,,,,,
,,,,,,,,
,,,,,,,,
,,,,,,,,
,,,,,,,,
,,,,,,,,
,,,,,,,,
,,,,,,,,
,,,,,,,,
,,,,,,,,
,,,,,,,,
,,,,,,,,
,,,,,,,,
,,,,,,,,
,,,,,,,,
,,,,,,,,
,,,,,,,,
,,,,,,,,
,,,,,,,,
,,,,,,,,
,,,,,,,,
,,,,,,,,
,,,,,,,,
,,,,,,,,
,,,,,,,,
,,,,,,,,
,,,,,,,,
,,,,,,,,
,,,,,,,,
,,,,,,,,
,,,,,,,,
,,,,,,,,
,,,,,,,,
,,,,,,,,
,,,,,,,,
,,,,,,,,
,,,,,,,,
,,,,,,,,
,,,,,,,,
,,,,,,,,
,,,,,,,,
,,,,,,,,
,,,,,,,,
,,,,,,,,
,,,,,,,,
,,,,,,,,
,,,,,,,,
,,,,,,,,
,,,,,,,,
,,,,,,,,
,,,,,,,,
,,,,,,,,
,,,,,,,,
,,,,,,,,
,,,,,,,,
,,,,,,,,
,,,,,,,,
,,,,,,,,
,,,,,,,,
,,,,,,,,
,,,,,,,,
,,,,,,,,
,,,,,,,,
,,,,,,,,
,,,,,,,,
,,,,,,,,
,,,,,,,,
,,,,,,,,
,,,,,,,,
,,,,,,,,
,,,,,,,,
,,,,,,,,
,,,,,,,,
,,,,,,,,
,,,,,,,,
,,,,,,,,
,,,,,,,,
,,,,,,,,
,,,,,,,,
,,,,,,,,
,,,,,,,,
,,,,,,,,
,,,,,,,,
,,,,,,,,
,,,,,,,,
,,,,,,,,
,,,,,,,,
,,,,,,,,
,,,,,,,,
,,,,,,,,
,,,,,,,,
,,,,,,,,
,,,,,,,,
,,,,,,,,
,,,,,,,,
,,,,,,,,
,,,,,,,,
,,,,,,,,
,,,,,,,,
,,,,,,,,
,,,,,,,,
,,,,,,,,
,,,,,,,,
,,,,,,,,
,,,,,,,,
,,,,,,,,
,,,,,,,,
,,,,,,,,
,,,,,,,,
,,,,,,,,
,,,,,,,,
,,,,,,,,
,,,,,,,,
,,,,,,,,
,,,,,,,,
,,,,,,,,
,,,,,,,,
,,,,,,,,
,,,,,,,,
,,,,,,,,
,,,,,,,,
,,,,,,,,
,,,,,,,,
,,,,,,,,
,,,,,,,,
,,,,,,,,
,,,,,,,,
,,,,,,,,
,,,,,,,,
,,,,,,,,
,,,,,,,,
,,,,,,,,
,,,,,,,,
,,,,,,,,
,,,,,,,,
,,,,,,,,
,,,,,,,,
,,,,,,,,
,,,,,,,,
,,,,,,,,
,,,,,,,,
,,,,,,,,
,,,,,,,,
,,,,,,,,
,,,,,,,,
,,,,,,,,
,,,,,,,,
,,,,,,,,
,,,,,,,,
,,,,,,,,
,,,,,,,,
,,,,,,,,
,,,,,,,,
,,,,,,,,
,,,,,,,,
,,,,,,,,
,,,,,,,,
,,,,,,,,
,,,,,,,,
,,,,,,,,
,,,,,,,,
,,,,,,,,
,,,,,,,,
,,,,,,,,
,,,,,,,,
,,,,,,,,
,,,,,,,,
,,,,,,,,
,,,,,,,,
,,,,,,,,
,,,,,,,,
,,,,,,,,
,,,,,,,,
,,,,,,,,
,,,,,,,,
,,,,,,,,
,,,,,,,,
,,,,,,,,
,,,,,,,,
,,,,,,,,
,,,,,,,,
,,,,,,,,
,,,,,,,,
,,,,,,,,
,,,,,,,,
,,,,,,,,
,,,,,,,,
,,,,,,,,
,,,,,,,,
,,,,,,,,
,,,,,,,,
,,,,,,,,
,,,,,,,,
,,,,,,,,
,,,,,,,,
,,,,,,,,
,,,,,,,,
,,,,,,,,
,,,,,,,,
,,,,,,,,
,,,,,,,,
,,,,,,,,
,,,,,,,,
,,,,,,,,
,,,,,,,,
,,,,,,,,
,,,,,,,,
,,,,,,,,
,,,,,,,,
,,,,,,,,
,,,,,,,,
,,,,,,,,
,,,,,,,,
,,,,,,,,
,,,,,,,,
,,,,,,,,
,,,,,,,,
,,,,,,,,
,,,,,,,,
,,,,,,,,
,,,,,,,,
,,,,,,,,
,,,,,,,,
,,,,,,,,
,,,,,,,,
,,,,,,,,
,,,,,,,,
,,,,,,,,
,,,,,,,,
,,,,,,,,
,,,,,,,,
,,,,,,,,
,,,,,,,,
,,,,,,,,
,,,,,,,,
,,,,,,,,
,,,,,,,,
,,,,,,,,
,,,,,,,,
,,,,,,,,
,,,,,,,,
,,,,,,,,
,,,,,,,,
,,,,,,,,
,,,,,,,,
,,,,,,,,
,,,,,,,,
,,,,,,,,
,,,,,,,,
,,,,,,,,
,,,,,,,,
,,,,,,,,
,,,,,,,,
,,,,,,,,
,,,,,,,,
,,,,,,,,
,,,,,,,,
,,,,,,,,
,,,,,,,,
,,,,,,,,
,,,,,,,,
,,,,,,,,
,,,,,,,,
,,,,,,,,
,,,,,,,,
,,,,,,,,
,,,,,,,,
,,,,,,,,
,,,,,,,,
,,,,,,,,
,,,,,,,,
,,,,,,,,
,,,,,,,,
,,,,,,,,
,,,,,,,,
,,,,,,,,
,,,,,,,,
,,,,,,,,
,,,,,,,,
,,,,,,,,
,,,,,,,,
,,,,,,,,
,,,,,,,,
,,,,,,,,
,,,,,,,,
,,,,,,,,
,,,,,,,,
,,,,,,,,
,,,,,,,,
,,,,,,,,
,,,,,,,,
,,,,,,,,
,,,,,,,,
,,,,,,,,
,,,,,,,,
,,,,,,,,
,,,,,,,,
,,,,,,,,
,,,,,,,,
,,,,,,,,
,,,,,,,,
,,,,,,,,
,,,,,,,,
,,,,,,,,
,,,,,,,,
,,,,,,,,
,,,,,,,,
,,,,,,,,
,,,,,,,,
,,,,,,,,
,,,,,,,,
,,,,,,,,
,,,,,,,,
,,,,,,,,
,,,,,,,,
,,,,,,,,
,,,,,,,,
,,,,,,,,
,,,,,,,,
,,,,,,,,
,,,,,,,,
,,,,,,,,
,,,,,,,,
,,,,,,,,
,,,,,,,,
,,,,,,,,
,,,,,,,,
,,,,,,,,
,,,,,,,,
,,,,,,,,
,,,,,,,,
,,,,,,,,
,,,,,,,,
,,,,,,,,
,,,,,,,,
,,,,,,,,
,,,,,,,,
,,,,,,,,
,,,,,,,,
,,,,,,,,
,,,,,,,,
,,,,,,,,
,,,,,,,,
,,,,,,,,
,,,,,,,,
,,,,,,,,
,,,,,,,,
,,,,,,,,
,,,,,,,,
,,,,,,,,
,,,,,,,,
,,,,,,,,
,,,,,,,,
,,,,,,,,
,,,,,,,,
,,,,,,,,
,,,,,,,,
,,,,,,,,
,,,,,,,,
,,,,,,,,
,,,,,,,,
,,,,,,,,
,,,,,,,,
,,,,,,,,
,,,,,,,,
,,,,,,,,
,,,,,,,,
,,,,,,,,
,,,,,,,,
,,,,,,,,
,,,,,,,,
,,,,,,,,
,,,,,,,,
,,,,,,,,
,,,,,,,,
,,,,,,,,
,,,,,,,,
,,,,,,,,
,,,,,,,,
,,,,,,,,
,,,,,,,,
,,,,,,,,
,,,,,,,,
,,,,,,,,
,,,,,,,,
,,,,,,,,
,,,,,,,,
,,,,,,,,
,,,,,,,,
,,,,,,,,
,,,,,,,,
,,,,,,,,
,,,,,,,,
,,,,,,,,
,,,,,,,,
,,,,,,,,
,,,,,,,,
,,,,,,,,
,,,,,,,,
,,,,,,,,
,,,,,,,,
,,,,,,,,
,,,,,,,,
,,,,,,,,
,,,,,,,,
,,,,,,,,
,,,,,,,,
,,,,,,,,
,,,,,,,,
,,,,,,,,
,,,,,,,,
,,,,,,,,
,,,,,,,,
,,,,,,,,
,,,,,,,,
,,,,,,,,
,,,,,,,,
,,,,,,,,
,,,,,,,,
,,,,,,,,
,,,,,,,,
,,,,,,,,
,,,,,,,,
,,,,,,,,
,,,,,,,,
,,,,,,,,
,,,,,,,,
,,,,,,,,
,,,,,,,,
,,,,,,,,
,,,,,,,,
,,,,,,,,
,,,,,,,,
,,,,,,,,
,,,,,,,,
,,,,,,,,
,,,,,,,,
,,,,,,,,
,,,,,,,,
,,,,,,,,
,,,,,,,,
,,,,,,,,
,,,,,,,,
,,,,,,,,
,,,,,,,,
,,,,,,,,
,,,,,,,,
,,,,,,,,
,,,,,,,,
,,,,,,,,
,,,,,,,,
,,,,,,,,
,,,,,,,,
,,,,,,,,
,,,,,,,,
,,,,,,,,
,,,,,,,,
,,,,,,,,
,,,,,,,,
,,,,,,,,
,,,,,,,,
,,,,,,,,
,,,,,,,,
,,,,,,,,
,,,,,,,,
,,,,,,,,
,,,,,,,,
,,,,,,,,
,,,,,,,,
,,,,,,,,
,,,,,,,,
,,,,,,,,
,,,,,,,,
,,,,,,,,
,,,,,,,,
,,,,,,,,
,,,,,,,,
,,,,,,,,
,,,,,,,,
,,,,,,,,
,,,,,,,,
,,,,,,,,
,,,,,,,,
,,,,,,,,
,,,,,,,,
,,,,,,,,
,,,,,,,,
,,,,,,,,
,,,,,,,,
,,,,,,,,
,,,,,,,,
,,,,,,,,
,,,,,,,,
,,,,,,,,
,,,,,,,,
,,,,,,,,
,,,,,,,,
,,,,,,,,
,,,,,,,,
,,,,,,,,
,,,,,,,,
,,,,,,,,
,,,,,,,,
,,,,,,,,
,,,,,,,,
,,,,,,,,
,,,,,,,,
,,,,,,,,
,,,,,,,,
,,,,,,,,
,,,,,,,,
,,,,,,,,
,,,,,,,,
,,,,,,,,
,,,,,,,,
,,,,,,,,
,,,,,,,,
,,,,,,,,
,,,,,,,,
,,,,,,,,
,,,,,,,,
,,,,,,,,
,,,,,,,,
,,,,,,,,
,,,,,,,,
,,,,,,,,
,,,,,,,,
,,,,,,,,
,,,,,,,,
,,,,,,,,
,,,,,,,,
,,,,,,,,
,,,,,,,,
,,,,,,,,
,,,,,,,,
,,,,,,,,
,,,,,,,,
,,,,,,,,
,,,,,,,,
,,,,,,,,
,,,,,,,,
,,,,,,,,
,,,,,,,,
,,,,,,,,
,,,,,,,,
,,,,,,,,
,,,,,,,,
,,,,,,,,
,,,,,,,,
,,,,,,,,
,,,,,,,,
,,,,,,,,
,,,,,,,,
,,,,,,,,
,,,,,,,,
,,,,,,,,
,,,,,,,,
,,,,,,,,
,,,,,,,,
,,,,,,,,
,,,,,,,,
,,,,,,,,
,,,,,,,,
,,,,,,,,
,,,,,,,,
,,,,,,,,
,,,,,,,,
,,,,,,,,
,,,,,,,,
,,,,,,,,
,,,,,,,,
,,,,,,,,
,,,,,,,,
,,,,,,,,
,,,,,,,,
,,,,,,,,
,,,,,,,,
,,,,,,,,
,,,,,,,,
,,,,,,,,
,,,,,,,,
,,,,,,,,
,,,,,,,,
,,,,,,,,
,,,,,,,,
,,,,,,,,
,,,,,,,,
,,,,,,,,
,,,,,,,,
,,,,,,,,
,,,,,,,,
,,,,,,,,
,,,,,,,,
,,,,,,,,
,,,,,,,,
,,,,,,,,
,,,,,,,,
,,,,,,,,
,,,,,,,,
,,,,,,,,
,,,,,,,,
,,,,,,,,
,,,,,,,,
,,,,,,,,
,,,,,,,,
,,,,,,,,
,,,,,,,,
,,,,,,,,
,,,,,,,,
,,,,,,,,
,,,,,,,,
,,,,,,,,
,,,,,,,,
,,,,,,,,
,,,,,,,,
,,,,,,,,
,,,,,,,,
,,,,,,,,
,,,,,,,,
,,,,,,,,
,,,,,,,,
,,,,,,,,
,,,,,,,,
,,,,,,,,
,,,,,,,,
,,,,,,,,
,,,,,,,,
,,,,,,,,
,,,,,,,,
,,,,,,,,
,,,,,,,,
,,,,,,,,
,,,,,,,,
,,,,,,,,
,,,,,,,,
,,,,,,,,
,,,,,,,,
,,,,,,,,
,,,,,,,,
,,,,,,,,
,,,,,,,,
,,,,,,,,
,,,,,,,,
,,,,,,,,
,,,,,,,,
,,,,,,,,
,,,,,,,,
,,,,,,,,
,,,,,,,,
,,,,,,,,
,,,,,,,,
,,,,,,,,
,,,,,,,,
,,,,,,,,
,,,,,,,,
,,,,,,,,
,,,,,,,,
,,,,,,,,
,,,,,,,,
,,,,,,,,
,,,,,,,,
,,,,,,,,
,,,,,,,,
,,,,,,,,
,,,,,,,,
,,,,,,,,
,,,,,,,,
,,,,,,,,
,,,,,,,,
,,,,,,,,
,,,,,,,,
,,,,,,,,
,,,,,,,,
,,,,,,,,
,,,,,,,,
,,,,,,,,
,,,,,,,,
,,,,,,,,
,,,,,,,,
,,,,,,,,
,,,,,,,,
,,,,,,,,
,,,,,,,,
,,,,,,,,
,,,,,,,,
,,,,,,,,
,,,,,,,,
,,,,,,,,
,,,,,,,,
,,,,,,,,
,,,,,,,,
,,,,,,,,
,,,,,,,,
,,,,,,,,
,,,,,,,,
,,,,,,,,
,,,,,,,,
,,,,,,,,
,,,,,,,,
,,,,,,,,
,,,,,,,,
,,,,,,,,
,,,,,,,,
,,,,,,,,
,,,,,,,,
,,,,,,,,
,,,,,,,,
,,,,,,,,
,,,,,,,,
,,,,,,,,
,,,,,,,,
,,,,,,,,
,,,,,,,,
,,,,,,,,
,,,,,,,,
,,,,,,,,
,,,,,,,,
,,,,,,,,
,,,,,,,,
,,,,,,,,
,,,,,,,,
,,,,,,,,
,,,,,,,,
,,,,,,,,
,,,,,,,,
,,,,,,,,
,,,,,,,,
,,,,,,,,
,,,,,,,,
,,,,,,,,
,,,,,,,,
,,,,,,,,
,,,,,,,,
,,,,,,,,
,,,,,,,,
,,,,,,,,
,,,,,,,,
,,,,,,,,
,,,,,,,,
,,,,,,,,
,,,,,,,,
,,,,,,,,
,,,,,,,,
,,,,,,,,
,,,,,,,,
,,,,,,,,
,,,,,,,,
,,,,,,,,
,,,,,,,,
,,,,,,,,
,,,,,,,,
,,,,,,,,
,,,,,,,,
,,,,,,,,
,,,,,,,,
,,,,,,,,
,,,,,,,,
,,,,,,,,
,,,,,,,,
,,,,,,,,
,,,,,,,,
,,,,,,,,
,,,,,,,,
,,,,,,,,
,,,,,,,,
,,,,,,,,
,,,,,,,,
,,,,,,,,
,,,,,,,,
,,,,,,,,
,,,,,,,,
,,,,,,,,
,,,,,,,,
,,,,,,,,
,,,,,,,,
,,,,,,,,
,,,,,,,,
,,,,,,,,
,,,,,,,,
,,,,,,,,
,,,,,,,,
,,,,,,,,
,,,,,,,,
,,,,,,,,
,,,,,,,,
,,,,,,,,
,,,,,,,,
,,,,,,,,
,,,,,,,,
,,,,,,,,
,,,,,,,,
,,,,,,,,
,,,,,,,,
,,,,,,,,
,,,,,,,,
,,,,,,,,
,,,,,,,,
,,,,,,,,
,,,,,,,,
,,,,,,,,
,,,,,,,,
,,,,,,,,
,,,,,,,,
,,,,,,,,
,,,,,,,,
,,,,,,,,
,,,,,,,,
,,,,,,,,
,,,,,,,,
,,,,,,,,
,,,,,,,,
,,,,,,,,
,,,,,,,,
,,,,,,,,
,,,,,,,,
,,,,,,,,
,,,,,,,,
,,,,,,,,
,,,,,,,,
,,,,,,,,
,,,,,,,,
,,,,,,,,
,,,,,,,,
,,,,,,,,
,,,,,,,,
,,,,,,,,
,,,,,,,,
,,,,,,,,
,,,,,,,,
,,,,,,,,
,,,,,,,,
,,,,,,,,
,,,,,,,,
,,,,,,,,
,,,,,,,,
,,,,,,,,
,,,,,,,,
,,,,,,,,
,,,,,,,,
,,,,,,,,
,,,,,,,,
,,,,,,,,
,,,,,,,,
,,,,,,,,
,,,,,,,,
,,,,,,,,
,,,,,,,,
,,,,,,,,
,,,,,,,,
,,,,,,,,
,,,,,,,,
,,,,,,,,
,,,,,,,,
,,,,,,,,
,,,,,,,,
,,,,,,,,
,,,,,,,,
,,,,,,,,
,,,,,,,,
,,,,,,,,
,,,,,,,,
,,,,,,,,
,,,,,,,,
,,,,,,,,
,,,,,,,,
,,,,,,,,
,,,,,,,,
,,,,,,,,
,,,,,,,,
,,,,,,,,
,,,,,,,,
,,,,,,,,
,,,,,,,,
,,,,,,,,
,,,,,,,,
,,,,,,,,
,,,,,,,,
,,,,,,,,
,,,,,,,,
,,,,,,,,
,,,,,,,,
,,,,,,,,
,,,,,,,,
,,,,,,,,
,,,,,,,,
,,,,,,,,
,,,,,,,,
,,,,,,,,
,,,,,,,,
,,,,,,,,
,,,,,,,,
,,,,,,,,
,,,,,,,,
,,,,,,,,
,,,,,,,,
,,,,,,,,
,,,,,,,,
,,,,,,,,
,,,,,,,,
,,,,,,,,
,,,,,,,,
,,,,,,,,
,,,,,,,,
,,,,,,,,
,,,,,,,,
,,,,,,,,
,,,,,,,,
,,,,,,,,
,,,,,,,,
,,,,,,,,
,,,,,,,,
,,,,,,,,
,,,,,,,,
,,,,,,,,
,,,,,,,,
,,,,,,,,
,,,,,,,,
,,,,,,,,
,,,,,,,,
,,,,,,,,
,,,,,,,,
,,,,,,,,
,,,,,,,,
,,,,,,,,
,,,,,,,,
,,,,,,,,
,,,,,,,,
,,,,,,,,
,,,,,,,,
,,,,,,,,
,,,,,,,,
,,,,,,,,
,,,,,,,,
,,,,,,,,
,,,,,,,,
,,,,,,,,
,,,,,,,,
,,,,,,,,
,,,,,,,,
,,,,,,,,
,,,,,,,,
,,,,,,,,
,,,,,,,,
,,,,,,,,
,,,,,,,,
,,,,,,,,
,,,,,,,,
,,,,,,,,
,,,,,,,,
,,,,,,,,
,,,,,,,,
,,,,,,,,
,,,,,,,,
,,,,,,,,
,,,,,,,,
,,,,,,,,
,,,,,,,,
,,,,,,,,
,,,,,,,,
,,,,,,,,
,,,,,,,,
,,,,,,,,
,,,,,,,,
,,,,,,,,
,,,,,,,,
,,,,,,,,
,,,,,,,,
,,,,,,,,
,,,,,,,,
,,,,,,,,
,,,,,,,,
,,,,,,,,
,,,,,,,,
,,,,,,,,
,,,,,,,,
,,,,,,,,
,,,,,,,,
,,,,,,,,
,,,,,,,,
,,,,,,,,
,,,,,,,,
,,,,,,,,
,,,,,,,,
,,,,,,,,
,,,,,,,,
,,,,,,,,
,,,,,,,,
,,,,,,,,
,,,,,,,,
,,,,,,,,
,,,,,,,,
,,,,,,,,
,,,,,,,,
,,,,,,,,
,,,,,,,,
,,,,,,,,
,,,,,,,,
,,,,,,,,
,,,,,,,,
,,,,,,,,
,,,,,,,,
,,,,,,,,
,,,,,,,,
,,,,,,,,
,,,,,,,,
,,,,,,,,
,,,,,,,,
,,,,,,,,
,,,,,,,,
,,,,,,,,
,,,,,,,,
,,,,,,,,
,,,,,,,,
,,,,,,,,
,,,,,,,,
,,,,,,,,
,,,,,,,,
,,,,,,,,
,,,,,,,,
,,,,,,,,
,,,,,,,,
,,,,,,,,
,,,,,,,,
,,,,,,,,
,,,,,,,,
,,,,,,,,
,,,,,,,,
,,,,,,,,
,,,,,,,,
,,,,,,,,
,,,,,,,,
,,,,,,,,
,,,,,,,,
,,,,,,,,
,,,,,,,,
,,,,,,,,
,,,,,,,,
,,,,,,,,
,,,,,,,,
,,,,,,,,
,,,,,,,,
,,,,,,,,
,,,,,,,,
,,,,,,,,
,,,,,,,,
,,,,,,,,
,,,,,,,,
,,,,,,,,
,,,,,,,,
,,,,,,,,
,,,,,,,,
,,,,,,,,
,,,,,,,,
,,,,,,,,
,,,,,,,,
,,,,,,,,
,,,,,,,,
,,,,,,,,
,,,,,,,,
,,,,,,,,
,,,,,,,,
,,,,,,,,
,,,,,,,,
,,,,,,,,
,,,,,,,,
,,,,,,,,
,,,,,,,,
,,,,,,,,
,,,,,,,,
,,,,,,,,
,,,,,,,,
,,,,,,,,
,,,,,,,,
,,,,,,,,
,,,,,,,,
,,,,,,,,
,,,,,,,,
,,,,,,,,
,,,,,,,,
,,,,,,,,
,,,,,,,,
,,,,,,,,
,,,,,,,,
,,,,,,,,
,,,,,,,,
,,,,,,,,
,,,,,,,,
,,,,,,,,
,,,,,,,,
,,,,,,,,
,,,,,,,,
,,,,,,,,
,,,,,,,,
,,,,,,,,
,,,,,,,,
,,,,,,,,
,,,,,,,,
,,,,,,,,
,,,,,,,,
,,,,,,,,
,,,,,,,,
,,,,,,,,
,,,,,,,,
,,,,,,,,
,,,,,,,,
,,,,,,,,
,,,,,,,,
,,,,,,,,
,,,,,,,,
,,,,,,,,
,,,,,,,,
,,,,,,,,
,,,,,,,,
,,,,,,,,
,,,,,,,,
,,,,,,,,
,,,,,,,,
,,,,,,,,
,,,,,,,,
,,,,,,,,
,,,,,,,,
,,,,,,,,
,,,,,,,,
,,,,,,,,
,,,,,,,,
,,,,,,,,
,,,,,,,,
,,,,,,,,
,,,,,,,,
,,,,,,,,
,,,,,,,,
,,,,,,,,
,,,,,,,,
,,,,,,,,
,,,,,,,,
,,,,,,,,
,,,,,,,,
,,,,,,,,
,,,,,,,,
,,,,,,,,
,,,,,,,,
,,,,,,,,
,,,,,,,,
,,,,,,,,
,,,,,,,,
,,,,,,,,
,,,,,,,,
,,,,,,,,
,,,,,,,,
,,,,,,,,
,,,,,,,,
,,,,,,,,
,,,,,,,,
,,,,,,,,
,,,,,,,,
,,,,,,,,
,,,,,,,,
,,,,,,,,
,,,,,,,,
,,,,,,,,
,,,,,,,,
,,,,,,,,
,,,,,,,,
,,,,,,,,
,,,,,,,,
,,,,,,,,
,,,,,,,,
,,,,,,,,
,,,,,,,,
,,,,,,,,
,,,,,,,,
,,,,,,,,
,,,,,,,,
,,,,,,,,
,,,,,,,,
,,,,,,,,
,,,,,,,,
,,,,,,,,
,,,,,,,,
,,,,,,,,
,,,,,,,,
,,,,,,,,
,,,,,,,,
,,,,,,,,
,,,,,,,,
,,,,,,,,
,,,,,,,,
,,,,,,,,
,,,,,,,,
,,,,,,,,
,,,,,,,,
,,,,,,,,
,,,,,,,,
,,,,,,,,
,,,,,,,,
,,,,,,,,
,,,,,,,,
,,,,,,,,
,,,,,,,,
,,,,,,,,
,,,,,,,,
,,,,,,,,
,,,,,,,,
,,,,,,,,
,,,,,,,,
,,,,,,,,
,,,,,,,,
,,,,,,,,
,,,,,,,,
,,,,,,,,
,,,,,,,,
,,,,,,,,
,,,,,,,,
,,,,,,,,
,,,,,,,,
,,,,,,,,
,,,,,,,,
,,,,,,,,
,,,,,,,,
,,,,,,,,
,,,,,,,,
,,,,,,,,
,,,,,,,,
,,,,,,,,
,,,,,,,,
,,,,,,,,
,,,,,,,,
,,,,,,,,
,,,,,,,,
,,,,,,,,
,,,,,,,,
,,,,,,,,
,,,,,,,,
,,,,,,,,
,,,,,,,,
,,,,,,,,
,,,,,,,,
,,,,,,,,
,,,,,,,,
,,,,,,,,
,,,,,,,,
,,,,,,,,
,,,,,,,,
,,,,,,,,
,,,,,,,,
,,,,,,,,
,,,,,,,,
,,,,,,,,
,,,,,,,,
,,,,,,,,
,,,,,,,,
,,,,,,,,
,,,,,,,,
,,,,,,,,
,,,,,,,,
,,,,,,,,
,,,,,,,,
,,,,,,,,
,,,,,,,,
,,,,,,,,
,,,,,,,,
,,,,,,,,
,,,,,,,,
,,,,,,,,
,,,,,,,,
,,,,,,,,
,,,,,,,,
,,,,,,,,
,,,,,,,,
,,,,,,,,
,,,,,,,,
,,,,,,,,
,,,,,,,,
,,,,,,,,
,,,,,,,,
,,,,,,,,
,,,,,,,,
,,,,,,,,
,,,,,,,,
,,,,,,,,
,,,,,,,,
,,,,,,,,
,,,,,,,,
,,,,,,,,
,,,,,,,,
,,,,,,,,
,,,,,,,,
,,,,,,,,
,,,,,,,,
,,,,,,,,
,,,,,,,,
,,,,,,,,
,,,,,,,,
,,,,,,,,
,,,,,,,,
,,,,,,,,
,,,,,,,,
,,,,,,,,
,,,,,,,,
,,,,,,,,
,,,,,,,,
,,,,,,,,
,,,,,,,,
,,,,,,,,
,,,,,,,,
,,,,,,,,
,,,,,,,,
,,,,,,,,
,,,,,,,,
,,,,,,,,
,,,,,,,,
,,,,,,,,
,,,,,,,,
,,,,,,,,
,,,,,,,,
,,,,,,,,
,,,,,,,,
,,,,,,,,
,,,,,,,,
,,,,,,,,
,,,,,,,,
,,,,,,,,
,,,,,,,,
,,,,,,,,
,,,,,,,,
,,,,,,,,
,,,,,,,,
,,,,,,,,
,,,,,,,,
,,,,,,,,
,,,,,,,,
,,,,,,,,
,,,,,,,,
,,,,,,,,
,,,,,,,,
,,,,,,,,
,,,,,,,,
,,,,,,,,
,,,,,,,,
,,,,,,,,
,,,,,,,,
,,,,,,,,
,,,,,,,,
,,,,,,,,
,,,,,,,,
,,,,,,,,
,,,,,,,,
,,,,,,,,
,,,,,,,,
,,,,,,,,
,,,,,,,,
,,,,,,,,
,,,,,,,,
,,,,,,,,
,,,,,,,,
,,,,,,,,
,,,,,,,,
,,,,,,,,
,,,,,,,,
,,,,,,,,
,,,,,,,,
,,,,,,,,
,,,,,,,,
,,,,,,,,
,,,,,,,,
,,,,,,,,
,,,,,,,,
,,,,,,,,
,,,,,,,,
,,,,,,,,
,,,,,,,,
,,,,,,,,
,,,,,,,,
,,,,,,,,
,,,,,,,,
,,,,,,,,
,,,,,,,,
,,,,,,,,
,,,,,,,,
,,,,,,,,
,,,,,,,,
,,,,,,,,
,,,,,,,,
,,,,,,,,
,,,,,,,,
,,,,,,,,
,,,,,,,,
,,,,,,,,
,,,,,,,,
,,,,,,,,
,,,,,,,,
,,,,,,,,
,,,,,,,,
,,,,,,,,
,,,,,,,,
,,,,,,,,
,,,,,,,,
,,,,,,,,
,,,,,,,,
,,,,,,,,
,,,,,,,,
,,,,,,,,
,,,,,,,,
,,,,,,,,
,,,,,,,,
,,,,,,,,
,,,,,,,,
,,,,,,,,
,,,,,,,,
,,,,,,,,
,,,,,,,,
,,,,,,,,
,,,,,,,,
,,,,,,,,
,,,,,,,,
,,,,,,,,
,,,,,,,,
,,,,,,,,
,,,,,,,,
,,,,,,,,
,,,,,,,,
,,,,,,,,
,,,,,,,,
,,,,,,,,
,,,,,,,,
,,,,,,,,
,,,,,,,,
,,,,,,,,
,,,,,,,,
,,,,,,,,
,,,,,,,,
,,,,,,,,
,,,,,,,,
,,,,,,,,
,,,,,,,,
,,,,,,,,
,,,,,,,,
,,,,,,,,
,,,,,,,,
,,,,,,,,
,,,,,,,,
,,,,,,,,
,,,,,,,,
,,,,,,,,
,,,,,,,,
,,,,,,,,
,,,,,,,,
,,,,,,,,
,,,,,,,,
,,,,,,,,
,,,,,,,,
,,,,,,,,
,,,,,,,,
,,,,,,,,
,,,,,,,,
,,,,,,,,
,,,,,,,,
,,,,,,,,
,,,,,,,,
,,,,,,,,
,,,,,,,,
,,,,,,,,
,,,,,,,,
,,,,,,,,
,,,,,,,,
,,,,,,,,
,,,,,,,,
,,,,,,,,
,,,,,,,,
,,,,,,,,
,,,,,,,,
,,,,,,,,
,,,,,,,,
,,,,,,,,
,,,,,,,,
,,,,,,,,
,,,,,,,,
,,,,,,,,
,,,,,,,,
,,,,,,,,
,,,,,,,,
